155589,5959a6e26b8eb7cdb0bf2c154360a5d50903fce49f3950a4740be7d72f326c7c
155588,28cf882e7114c6b681bd66df4e8b11d234b36fd507099108e601ae4a6a1485c9
155587,bd5c4bf7f48318ea379e2332004115ccf1e718a4c7e5df54ec94950cc48f0191
155586,ff14d65bb4a114263228421e51d81a0a3c26a6806b0a3ce28878721710d78b4a
155585,4ed219859e9a46a94555fbc0b9ac53fad08e0a5a5fa767f7ae5ecbf332af2c98
155584,c742993716d8c3c07028c242ca91bd4ae1bc9797c4a27ed9221dfec8060e6c7f
155583,2228e625292d418f7f9891dbebecc315a87384a30e4d7c3827cc6f1719c9e0e6
155582,5c45c9278f50947d096731668320a4c9dbf01d834ef5a4b61404c2b88b64adec
155581,1cd0ff00276bdd29b329c879d8d2f64a820c81a398e92e694f167f77eebbdbce
155580,717b953a69b0237db341ccbe0587cd46e993ac408f2edab01cd68986f25164a6
155579,296d6065347a301e32aebd3fd1252ae05c44f60643d7a76a3588e17bc958fbfe
155578,8985cf2efefbd2d24016f3763ed1e1fd7dc4fb609d2aa60575d8e0698093b5c0
155577,49edc2f43a984c5ab1f66853b81a73323514df46ba7a3406a6ed0f37e8f87535
155576,25a45f95213fc310382c1031587c542da841ca6713b6d22a74f451da9b2b132f
155575,2a04d16e2d869b6ddbfed50f667acd3ca49a1da8fffca35160fe22d71af9df18
155574,020ea7433ccaba01b7179d043a6685af9638d550bc0e037c6d400ba51b598fef
155573,874a5796f78ee5528d9c5c2c9c4ede60e10b4d315af5e92ec0dd6ddd761b26f1
155572,b5c01bfdb1ee217b41de99ac7936f98afd3a50af789a1a30dac0120105669eb3
155571,3a0ca302bb1ba9336e7e8abc7753cc3229b3a9f36cb887d5da5df35b66d996a5
155570,3fc692d52c78ce976fa1ba4df49c2b3a4ea025f382e37dde6fdb0e8ab74d7ea9
155569,7845b112d6fc7953395b6cab35e1c756ee6ee70a3fb55734cd371171b1f91d47
155568,372d0f33f43fc9ca88d7e0ee0810b62a62171617a358ef155462c9d4b13b3c02
155567,354b1b4a52ed787692372ca0880dca0410f61e7159afe8d66c9cf048c1d0ae18
155566,f060cda0544806dfd08c10c0c6f7e56c066e926d9a9fbb92d33e29cb8531351a
155565,cab6d4ee2290cd8d63ccdcab22502db4d249747c2d9ddb84bf349cce0f2bf15a
155564,3045b74d7dc99c16f1f935c8f75f6dae8f495cdf0f08d0afe0f0922492124478
155563,13a3b4a860c6a32587774d39d654ce4a7674330dcef74c13c5f2923d4e853ba8
155562,71c0e56a79e0e33e18ed4c192529013aed8974fb6dc7d794b1f7f962540a3bef
155561,8c3c8862c7afb4d02174bd837cf259807dd22c15e5fa3e98f6bc31a9981dd8c7
155560,63c4a9a7cfaf4095dd9e1d00ecc8309e1fe29666cd665e2ab37ccdb884ae3799
155559,d960e64401596d576c08f952b647917a549fdefb1b72356441aaa98ef83aa7d0
155558,b38332c309d6fdd86f63251a237e19d513d37a36fbdb1c9bf392c4a4933a57cc
155557,bbfe112621ab6c6e789921aae85bb45cda996428174ced8a9c4dff15960460bd
155556,c89acafa1554c2f6ebaac134feb7f9e446b20c307bfb2f5957ef9443f0c8d8f6
155555,eca54661538488b9d8336bd7474eca917412b8648adc7bb8a4eb0a18e1bdc250
155554,6213a79820e82890d82fbe58d2ca9b5e93ca6908cd5c4e3f36c10afc162be9c7
155553,aa223c8e8fee16589183759382662db450ca6acc882513d1e4846c7212be13f1
155552,1d40991703fd689a1c8afae1f5f04e2094496183ff27df2d51db8e95aae4d5c3
155551,5391b81bbca845d42736fd1a6409c1318467f14ad1c93ebd5949115ed97c06b4
155550,acec35b738e154e3d788c071fa253ef108897cea47c724ee2278057b7ba483f3
155549,43c5cc4f87bc8122b7875dec644e3c7f9e6e27df1e39a6d67c50a59dfc05af55
155548,6b5ab6e2931ac64327f820d2772b85705b770538e69068b7951974961b6a6f43
155547,90d784d19db27959474d11007f23fb1bc2b56115a00c95a5a3404908bf45b2e1
155546,48ee8ad1992cc88a846e1def33a1bc29648acaa149dd818bbdbdb6af602cd5b4
155545,190b28cbb79fad2b7cd30c579a7a30fde36a5bb6e4a8529c1a2891271d63654e
155544,1cfde2a7e64c7c35141c0e6ab4a10ed4dc26e424d6296974d29ac73bb56bdc46
155543,78fabc51a1a8b1b2e006996a9b4d1ef8fdd6c55f3d2b51a7d8477b4291431f77
155542,96db139dbca77fba3e71d5422b1245905c1c207dd548c71e0a12204bbdb34130
155541,ec15feacc71807a1b8ad70dc47805c4a496effb343c336adb1fa55e3b549c94d
155540,b954a6d688a981015b3f31292ab3304055e7de5bbe91392b70786e7af492b94a
155539,131a77740398734ecf30ca0ee7472b5ab88b916918f46ad5d1a9aba0df1c1d42
155538,a0e58a7ecbbf8098d16b29a0e43973a9a0f77b18f101a29b5648da4fbdd61214
155537,3d43a056e6d8934efd7e428e4cf9ec36d9994944fb2fdac883660f64a94b6220
155536,eff80064e14eafdb67aa448ae4807fc97b6d661a4ad380a10e69d161fb963242
155535,5e581b205b411ece338974438361a35d727e6fe66fd9d68577ef23e76da5f1c3
155534,4b235ca00aeb4015c3430a1bb19f7cd0bda8e98abfa73d4614334d69c8bd42c4
155533,98e8ef62d5416e22d2ee0ddffc18c5c74c930ed85720cd77b630272ee94ae43f
155532,b3501cebbab54cb3e290fa2c6f9eca9c4d54a13820adcaf942085dbacb75251b
155531,6a861128536debc7b35f24ad8a5a2d9effaf84ce0969da640095ec45727a27a1
155530,210fad22f475e8fb3013e1af49acaffc4bd6b4992aef998302a1a6ae75a3d5fa
155529,696540486826a9a02aba10f6b8fc3201b01abaa3e927d13f34b4b9a711a40f52
155528,34ea1f880907e389a16d179767bbdb093514f476520871964ee5bebba6977d04
155527,54ec3e24d510e1ec939a40c3bb1f142e836b1ba29917c389c373bd36dae7b76c
155526,ebabc067148f375c9c9999403bc628baf908378a02443baf42d17d7b7cde8837
155525,d5a2f06a7e0cbeaf4e9b17e4f5cec4da6e116b5aac65e6e4ed93dbb7204581fd
155524,8c8a9df85b136da4b6c7f92985c73c197a8af79a828b5569601851760076dbdf
155523,d8121b9275a0e99d3f3e6b19b69b707ec74fb1a44a3f563d80d322da326f483d
155522,372f3aa4c2dd20fc464cf7d12e95985083f59cdbfbfa0ef8fed5863a61e2ef72
155521,8b84b80005cec49c4e5eb336c97eeb4d815cac35212a06a0089c9f45cdefeab5
155520,3dae527a27a04a226f0675d1e7c6e68c7a869679201800346c32790b5b533679
155519,e4b8e22baab62e7719d1231fcb78609dff447dd5ef84fbeb5e66580d6e7eebdb
155518,e2e2a2e9f0c038da717dbc29b087db2491e7ec91f50d8c8284d433f17deef029
155517,1e1c3f692f7c099b9cecb031fefab58e5d164b23088d3084da4f25350cd7a061
155516,8a235f65e4efd9eb90931851b0817527198356b65773fabc4b4579aa51e3d0d2
155515,80795e9b72273e12ee26710442f32a589ba064ca4ab20ea8d5bfe75aba9ea7f6
155514,cc2e6f8944694224ae8c4cf217b235e7244b66100e33c714c1f7759a1027e8f7
155513,9770bb6bff23633362680bb0fca40e27cfc0c8adfc0a1299b23d3ead7a127abe
155512,1eefb4677084e193481a737e8947b5e042e371d0d3ab73919eb63f831be9798c
155511,fd3deeddbdd0520d83ac28c9b062ce06084b1b8020d719490a14f22dbfdc65f8
155510,d55620c325d3a12299886ed21a05fe18dc913cd833120dd8b8b42e5cea43b275
155509,b17b4ad4b937dc6a550194bdd234884fd0c8220b2e97b7056875a7cb516ee3ca
155508,caf64538936b35fcc91725bf8c02c9024e4cfc0cc75d8061efa36ccd1e64a14d
155507,65716854a44bf5b33edec58efd36aeafb3efa6b810b852a8e139cd52c56166aa
155506,5125a6d38acadff83a953bb4bce40ad09bd42770d2ee9e80eae8e1adb356a7cb
155505,4c22c0c0e0eabe2e0e1730f227fde9e880cdaba419e14b2004d1484c97376901
155504,3cf2e557d0ba71197eec20c5f0f9d14a75336e3ad65d2c67af1dc1d3b9e2c032
155503,8ac36bdb765abc4124d3babe109045fed7ca2e8d62987ff192192aa757787fdb
155502,6829e7c2a131fa6792de9b10f782d015e6477dd6e28b0c935c685bce6976edbe
155501,ea2227140d21224c079e89b0402a064721002ad4f13b457108f62548cb446694
155500,3bfe073cdcf72ac63728427b123794fe7fca45a13a16dc638dbdb71542e25311
155499,5ced13cc926d97c1846ca7b95f2ba6604c208f2a176e8de4566e4a894d695094
155498,3d6e8a883118cd01cf5482342f4673cd5a54259c6141f4157edb8e2cc7c9c4ee
155497,585532cc67c5c33110ce3a6fdc9c8a64a08ce950b9d9b711e91506cc864ef52e
155496,c4cd30dd9d733d51d7cff13c03ddbc11c3ec8a37c6ac324ecd1eda631fefaaed
155495,7357a44e4201f4e9987bd67428b36145550121c2fe3aa5a92c96cd53cf6f4ec4
155494,e374035d38797f27d22caedd73e9cff74fa67932102d56bc153e8d77c50f0d97
155493,7152a95ea846ab2460cc48b7c2f27c716e323fb56067d18387cf2cbd13a8a645
155492,c7782009ed3a4833435681651fe485e34e421f458a363b63fd18fbdad18acd0d
155491,2aee40a108e61c029e8d1bb76c5707d35d11f0fb743d79eaaa5236df82a8b561
155490,586c9cbc4e39ba92822fd917c00f90a41d55009613c73013211b69fb6ff7122c
155489,327f908805ead1b36d0d1a728260d0d23b997c3c6b83cd5b16d2921dc4a6a0d4
155488,2d928230a29fcfc84b3d14989d50b8b81ef94409779afecc43d26a94bdc83057
155487,7eede4b1c7a064a9dfe6db61fda3bae2802f1c6a1f4cdede592bd683d8041333
155486,189a8ff33dbf3a9afaa8bd128098a4791525d71870c5cf8a6205838674521dcc
155485,85b937e16c309a6ac3eccd27394124f543ef4cd5e7f76e59baaad8e4aa9dc149
155484,a43894054767390cacbd367c2d7d6e22d4faf2a36f07d6188485ac73881d8ed4
155483,ef81f8a0dacf0eadaf45fca50f214d65c9f2e585c07ffe4c81ba960a6eeb24ae
155482,27cd1189e3a3596dd355f8a55d4aad7d71bc09315a955a637e02eab591f5115c
155481,e1eccb809f457ed1ca5b0c4190cecac68501c5d1daa01da282425e22d4ee75ee
155480,971a6b8d9ef790cd6725471dfeece3a7730d4e8dc479c281a0f4c6b48c1e0b06
155479,a568dd2ca1f86e4187cf8ad1865a5b0a07efdab813372b023ed1058fb6e4f63d
155478,f8d518316f4af5ebeaa215c6bf39e85f78b4506050383892cd5b731e3273efb4
155477,a710f895f5c520a3943365a61a28d5d4961c4961fe1ec44afc36630532922227
155476,9049281b6e7d4ff0aa3e4d3e7b0a5bfb73cf971aaad2ce64f17a8d4ab1eb0103
155475,d34454f5f575441bd5f81937969760153504cb359a43c9d5f1d60104656556cd
155474,a370a6d96c85ab5f74a43b6f853bc7419864a6ad7761386527f0a1efdaf0fb74
155473,172ed7a6241e60a552ba51708aa9b59ec3cba4ac36198539a5bcda5e472114f1
155472,ef549833ca932fd36268dab1b94f24c857831719a38f5edd65b87538b9c9fd4e
155471,bf7494f55b63069256e63621a452a5dca760bea3b7cef3206f761c1de5d1b384
155470,7d2a6d2e0e66b569268ad27676bbf79e851b756e2f5df6c0b20431fe9801c9e0
155469,26304aa6b977fcb61793cac10fcb330f8376454f2dc4b3e3cf469f7e10be7cc2
155468,55cdcb11c2870b05bb0aefee16812572d0ee10a0ab7e5a0eeab4227d11fec2a6
155467,68c825514e0230bc0af9aea61833e1ff205bad7b7c42ac6394016c6049acf026
155466,03555ef9e252a60e98a76542c97972ff3df7de8e76b2d7be991a4dd284e8b51a
155465,8f1019bc04046cc71dabac1a228cea92e999f2470cf16da8f43a3352b9971b3b
155464,12e2ac12c58ada28e8ccf97d7660fa14397dd4117e3247fae5f8955a9d288e24
155463,97f21fa16ca1581557cb54d89824674f2b3c828cb09588ca6be800090f8a8dff
155462,d60148e1b1d44cc635d709516236e4a771a5b6d67c5073af9dad7925f401278a
155461,a90e86576e84400e789e0dbaa61d5319987604f6ec1734e13eb42f9f5a4beacd
155460,debcc74e4dccb247a22f4d66b8beaaa3f9440b7a10f0f91354a631d3c09cb196
155459,a5a5fbeafac22b6735a381f481585093101add94cd81cc5e45e9b5753503acd1
155458,612d9f33d1d28aa3ebd8a28ad4e634506c4c905bb3fefe3c971bd054d495aee6
155457,e6ba9f07bfffa0a9b37912435626d5708a7fc4e65593c8c9ffa7f39b011730f9
155456,6ba358f07cfaeacd2a2187b43fbf9b66da2a294d178a404c8dd8af8cc6e5adb3
155455,b1e10e458aef32237a25e6ae0b8996d40aab00c84a0997990b170221b80ee141
155454,d2abf3c4f049de5d36e54341aefd8dd3a26f1a458202c9f2e44103244ae817b1
155453,f48f78598a9b7042e34b8095efaf78c47c622e168a47d5dec8524b837312a927
155452,36fc78fd7cf756f8456adf9aa1dbd070f41a135684463cbd1f7bc83f8a05a080
155451,17cb65ea8133b08b675e0c385b30020de08df414ea6c75a6a63e897d113767c7
155450,c2dcf64109865142aa4ecf54dfef65fc217f0d495d9d16f0146caf85332f5576
155449,d0c23bb3f5a4bf2b84f2407b1ea4c4ba2d1ca9eebd9b0878737de652ce6f4a32
155448,398b2ca400c1460476697cbcf2c83ff0e72403a7373f41b93dd2ccdeff313788
155447,a21a0581794741eb27ca8209dcf8f33cb873e0e5edf4a0a4a88bb8c55816eb80
155446,609967a283382ff790dab6d08b0ab133a952aa08facc46b78c4d4f555e48da48
155445,0a8eaac254230460d62c03ab8fa188bbfdea9232951264877c5b20671f9ffa80
155444,04e4cdeba174c321d183087c56208a719c5061aaef22f0e56697c04fdb0ac223
155443,e8ac2ba6076df5e3c7133762623fe3c548cfdc3b6ca71b68d40395fa4844d320
155442,32c820948e946200bc159adaa609906371413decb4dda4ffd12d7dfcdc452793
155441,cb6fc6655e5f3facec11c30240951803981b082ed98b0aed244863c5687b16aa
155440,0664a43c8025a3d15d7206a33564cb4344c91cd9d198c1bcf2f86879782b7611
155439,ec23ffe29ac1047fb18f96de1cc7633e3873fb918b96ca3762b3913a705d30c5
155438,1c5f07ae753c26d072aa5c8ab97f1565d86a7f194290565023a283dac442bd0e
155437,f38213e431cd5b9f84f97d0e36db10f09f62a1c6ec0daeb2825ef6b5e9e64a4f
155436,f5474f81d9483957dd0fc0cce0937520e0703f11045be2fba01367c34d499e89
155435,4b7c06cc7d741282b78a316c6b4e3bb370bad289f173139abbec659d8a275a45
155434,7771ca92b51002bd786e3104e4a1b516f65a8f3038d82285fd3558523a509a04
155433,f14ac4398b3939a3256cd233e81afaaaffb353402ef7828cf21927e85bed2663
155432,2aa5fa0382cb3eadf9e2ad60138a940dfcc4c53f94d9252ca0bc12df5b2aadaa
155431,202b307259f7012cfb3f44113923d2984e1f4d0fae41480be75474abb3cef71f
155430,353be3d893bfb760cc021204246e2d1da223426b505544459d56ffe6bb6a58a4
155429,da74fbf7c1f09f7f0ad3de7c31bc6a53a481713dec90b29a0a6de947aaad3b86
155428,84b5f24a6ec863285b755ab8d9870c4f6231c5d2e0f59245c0d2dc62edf02578
155427,53668a5928dc9b63d5dff05d50d4b136faf02386b063e1267a2968ed011b3619
155426,aa7ae2a46f9fef8dd557f290d1b9c94ae26a4378586b5b384b4edbb30184c5f1
155425,872b05725a41438d203ee18902b92aa7ca18f06eaa91dce81807aa7ed39a57a2
155424,35562d51c6f24f4e1e451c5884835eabc8ae41e8d3cdfc1efa22da1b3c03468c
155423,1b6b1d09d0999c7c816754fd57e5a975cba322385cdd28f7b35a8ff51142e414
155422,9414aa84e3c489515715f9fc0e41a9f2c121348c3005e9e7cba9d673787e7251
155421,7b474b73e27dd4fed85c789b736b0af39e141aa235ff192055ab1aceb87f87a8
155420,8ec4a014937d9eb27819cc72302e6e96c13ea0155bf1978ea5b78e010128d9a8
155419,3cbfcd3ae450210964cc21011444f69ca62c7c379c48c8db0eba695d455d4e4c
155418,5bc7489fc0d098c80ce05477b9b6e2625c0dde2640a3b1083aa7058525349c0a
155417,31cddf2471fceb888deb0bccf0690b2449cde897a87c025bb2a3e17d4dab3e48
155416,d79a7b4622ea2428042d27a478744184d0d8e32deb581c7f4407aab07053f2e4
155415,062065e5639d03a4008a9da89cff52ba4da3fa6bedc7401da1f3bcf44b85baaa
155414,de7c0646cd95062ad2b85f2a0f9dfc0b3f6e5eac7c817c417ed6bebd8d9bd19e
155413,d6fa70b4ad76d2b896a6b04e945716fdae0fe622cdf4daa52d8772696865f797
155412,55fa6ef3547788e90a6e3765cdeae312d478e14f17811a7c452f2ce1e67c4404
155411,3baed11a77484bf30f47b9be7d8b909fb83bb839a18fe83219f61ad18220000f
155410,71e1ce860418ea1afec4dd9b4f63443d1c287ad46d86e78207186f17d9c620b3
155409,c7e40085bf5553efad2e99ffc91de57e5ce0cff1fc58637e31b405d3284ddbf9
155408,3c609b79c13ee90bb0402ec026d483bc2341b1cee961bb9f9e0596a27ec9f17e
155407,84e69ca4498a8cac50a3b10bd1d2133a7f23c868b171d9048ccc807e01b489df
155406,cbd9606b8aba47c11708074372fd781fe84b193ebb83ee0075c1c8435b31b2cd
155405,a2158360b54efdf2120019532c445b2ff3d8d42f0202539331ff272de31cca79
155404,2066abf7b2cc3b96fd8e3072fe0af656c8dadc47e2de76666d387227330a5d91
155403,767c771bd98bf7319627c7b9383924116bbeabf0b8786b07dbfe07ea4ba6aae9
155402,f327ad360ba76a74f8ae3a34ba4a4930e6009edc89b8595e89c2fc2292094f24
155401,543fd3d21d77dbed3953d4c17a657b2b7ddb8bc32c4000db6e076e7515f45784
155400,5b2e0efbf7d87f7bedd0fdddd08a7ae4338892ec00163d287a658c5302570640
155399,1fc2a7a9de09bf3d1daaaf3f754147c1cf93767ef69cdf45acbb3809eb59b9b6
155398,6862afd4141a9d26349b5b11e0977bc90af8b546c7ec57cc8c91c36b6d705f3f
155397,4d0d338d4ffdf3141c1c1be44a41be1d286b3bf44b88375d3ddaeeb4da2d8dcd
155396,89eefe81c14ec2f491f30ee87ebf3d1a4f17cbe51c525c846c94ea85fc54e0f4
155395,03809a99b0b56a22b08b22052032f8bba87af509aa2e5a214e8df66f1ab7888d
155394,3b0aeb7b11d26eda3f193c08951d6d554a7d8a3298ce9b3572ae799494276ce0
155393,815a00bf5fdd96c36f6291666c1cb934b367924b4bb07b1017cca98e6c0ab937
155392,43f9e2196729deebd6e48e28192300ff9f6707c651e0937e5245aad5d5879248
155391,a53059f776b8c6bd3f30d4587d755725f56d2ebeca6e04dbc91ee5eaf8d1ccdc
155390,16738e666e65d96c44eba5655ab6a05f7dbecedb279f29bf2ff3c04b731d52d0
155389,5ce664509f7d7666781cdd0a47706fe50345aeb61cad275680d662002de57e13
155388,3eba86e1995fa6b12dd30ac9a5965591fb8898859561527f40167823137bcd9e
155387,77d38cb6bf78dae92f59bef5c313118ae119a58a12730d1a1e4072b181097a80
155386,fb03a98079a54c72627ff34ecaadc990cc8dcbec723a48987b0af5aa133b0b2f
155385,8578c137a1b94eb5abf93e1b4d2d4faa86fbb8e5c4e78987357ea52e8bd73625
155384,304299947f918a3dbc5a37ac603381dbbad0934de862bd42be2302953b58c559
155383,605d7675dae22c4d440ab9ce4a58d8784becc57fefce5e13b1aa4b532578d10a
155382,1625d71caf5bc74df9fbd44427b16c6c740c3f0d4510b8d6dab584fe4d85d843
155381,7170cb40612a505d5482731c5acfef5011b1ff97dc08b1a8114391881193cbf2
155380,4f20d57c450b122023395d344e9a34c8cc5dad76fb060bcbe0bd83a5673cec8e
155379,6e28607e6a00cb466dd58ea2702577995001a3309b6432c453059dc6c81d1ef0
155378,8743789e9141fd309d6363350d6f370efc5ed1861920505845dbdfaaa53ab72e
155377,9bbe56bca7ba3e9932452a2e9ef3381df30f8c88f91280239de37369a36056a1
155376,9c29b2f818608161783396f11ca7afa155804ae606f68ea1f64ec17cdcbc5517
155375,a3febd01e1dd97d83627ead985f97a74031e61c267ee69abb6766c423acb2465
155374,d593bbc2234daabd28548c4fb2dec65cf1a4ed43d251bfb2c3a6ee2ce2f08a13
155373,cc06920143868d10fc8739546342d9c7303f2b5cb102e72918675187197cb949
155372,4dc1ab9e2838f596846a2187b2ed09e516e2b917d672e2f8e3863c23b1f12576
155371,57857ed979446e39f0a8de699c32a3f5d055fca9c2ddf0f50b42f4cbb3234824
155370,b6cf113a6e354172e07ab3865a83b5fc90c2e5e4deac46688ad836cf6667dc13
155369,03e1e762535eec5f908cb71e81966d5f4dc155f6b2b5c6f1229c27e8b7fbf545
155368,c3948fe6f3f4d3705ff45e13fa19cf303042bd4fb00025dbb5325718eb3eba3c
155367,edd2ce83b0564d767a9a12e8e3b813ca17cb3937955b40e82d6088acda2ca4c2
155366,77fe16758ff61bb43898482b9450427ebeff88abe91959cd7ab8e39b15094406
155365,e310b758e7ed3816c318dc79208c68a708825bf6eeeeeb67c14d285324880ee9
155364,b1150738b4406a706f4e0066e9a0760cca07434b8dd00d57ee4b95956365e2b3
155363,78741a90e5f75b8235ad75ac74ea0bdacc16869575cea7a4dc3f298a9c931d6b
155362,7f19bd62c45e481d57fdd9bcdbc10980b5ddb327a3e83efa7740baf9e8f210aa
155361,00cdd32a1f542b2b0314e2e4d2245195129df66cca0711193f1a6d764150cd5e
155360,2e56b7e30df993cc07b8d6f05d7dc3a65669ed703b1d3e46ff81bc65ecb091f4
155359,1e28c5ede8e8461eeca5acdf4c5721a59f31bac2a4c81bc5e99a0e5ad6ac34eb
155358,d82f2706173c9886c2dc18fa192fe117e05669a84ff69a054bdce8c102a624b5
155357,9e2055c273593046251647f09e7e4af02e159431f93b8cdabe11f82c3db6db93
155356,0f8286f7e06a70f9969b3742a5b979d90e348eca285029090ea534b086ce4144
155355,42f6f6dd40ad9b8ef7251642b5b69587fc46ef83429d1ad62b772b7fabb3c3f9
155354,99a5cd4ba0e4694b48b6061f027ad13b691ec6f58287c05b95ecc180bd75918c
155353,e49277354924e2024ef0e721ef1cda5a3057d196cde5698cb855c604a02a350c
155352,25faede5ce18e3c14156b99bc0bd0b880cdc70720d084b14d6d950295aa4e1f0
155351,33626d014f388354fe6faac10950530ebdc5e7a526213a362ee9b7346b3f212a
155350,d3bdfeed65de46310cbb49ab5ac2f855c847e693099aa686b515bce3cd98781a
155349,3e4de31e56efa7cba5288d049cd67fa8fcbdc6c646630ccdf837c358a5ef70f0
155348,127e09944e2078d38c31975850dfa4150b5ab8f8bd082c0effea2e9b4a902366
155347,3a63f35db7a0cba4ccae1b8a2b7e93d3d9f93fe3fef8af4f7822ea2632c20810
155346,bd57adc289c707421bc62790afe029b214188a00bd451c6793fc57113e265af6
155345,2ffd8d825e6d2d2e4c1b98eaeab24bbbed41d4afe1aa63770c794948c38461b1
155344,336d1f84d2c8c84ef4d5906c59474cf80692e191220368b55d8e02ab76042dee
155343,bf64ee25f7be3e934b98b7f4bcd08879a535136053efc012ece6d0f3fe3f5632
155342,4d68076bf33852530a58591d671060caf0d978c38d8b38d262fc5597895d229f
155341,68fd760ee5ba3554b8210fee1c7e5aa20739aab912b30e8aa4e15806ef47bce6
155340,5f981ad2687c2655b55ac7bfc873c2a39d3bb06e3ab9c82d39e0b9ebdf2527c8
155339,2e0d7e97216e27b7f4a660384e99d5a70c6901a21204410f0a54f3d15b4b2f0b
155338,7b6ec81b34dd28f42572158a50d5d9e00f55746f97725c9ff10203b731e47e04
155337,71d176c9044c2754e9ffdb62ea4ecc542935196e14644295268e3d0f70dc3835
155336,8f144ba811f770ca285a47d242a14320fa55ca67b847e828c75c3692812c6356
155335,168285d69b4d2c702b030f923df1492e5f986b9b8ad0d015d361419bcf089f99
155334,669013473ed37e8ae6fb526e64aa779f1194836e5740dd4e03f6540110868c05
155333,2a03bc91b23112b403f82f2de1172ffae91416833b7b00cbffe23f54e5e0aa3f
155332,e9fda17b272132564acba4eb301735d8a40412a3b23f18e2f0c6e35f68104fe8
155331,2fff0b002bf667c731b07aac8a42ffe02858b9c9d2dde41671af90a792b42596
155330,cc9fd02d9583b358e59df5250ecc4540c09f50dcf0c327f2820ec8346d40a1a4
155329,db6aa4df06002b3c45a5593c2077a6899bb88b70908d75970d686af5ed22e037
155328,99ed6b745f8935fe983a5178dee7d50a5df4e909dec96b81e0c82f4e91a38b8e
155327,2496f7bb508395bd4cb514c0dfd7020b79f806111d10ee1948fb0f76ed5678e1
155326,f679965ef4e8dba9b34bcd5aee527496b9fc67c763d4e608649df3b2b3fdcc7a
155325,12b2ca15c59814d93586c1af73bd6f4190cc8f0abd045e8c9d367ad4198809b1
155324,f503ad1c52295c62b5ebf360a0ee1dea81d7a9802de323ceef3333d65275d6e7
155323,3973c31a822d5348c3a795de48244be59aaf2ace76fc47c885aeee778b971841
155322,bf7434e3a40664576fcb4e142b14197cb3bfc43b440f649dc110f6db05810db7
155321,eae45e5696af2e5235d871e8aff795a2766846ecd709124f45fb113d3e786117
155320,e9db57e06adad46c181a3051fd71ef6b9837216299e443588c966a8dbaa3b217
155319,8e4f2cb93c13e33af0e15febc3e7231fc43fa612bb24a4cbfff9f6e119f5cf74
155318,71fc46ba3345af846ce11a1548237bd9a92aeb348dcc59cbd2bc62c0dde516ec
155317,79cc2fe06c543c2e50abb49c44e527f8e6124e8f96b1546c27d1e39aa9a801c6
155316,0bfb508c33513884c0d0404d55f529f3a9ff882956e01593101c3552a316d0ca
155315,39f283df3f4eeeae871ed272924ddca131970bab4047bbe93ee7e2146a5c6016
155314,8cafb00d2d28d834c3c67cc17b28c215ac18879c5396af6289320005ee38e9e7
155313,8b414541632930bb8c3f1aad5f4fa2c572d6a3312ff87b671a2f1122b3e398aa
155312,1e010f0a0883d0452f4866e759911cb30201cf5e709135773e8756f1db27a736
155311,4476945453a154ececfc488519ee5c6faa195381d55248feebf6df363d96f956
155310,1c18ed2fbc19c2ebd73f5a641b2b25e9dcefe2816ce326ea2948953c9f2bddd6
155309,1d2292cb4b01fae73e77f8f09a52556567e968008d4967a014d287df410dcc21
155308,87984fee220610a4669305082692d08f5137f32bcd3b284e7b4cda61f9770097
155307,5187ed67be934f309e3dd52a00812b69ee90ae00bfe24393b874ee88d40894a2
155306,48ac90a6c6a399e0cc35e75d2b2226000a1c0e9e6f8d3b428a758d99b7360737
155305,627837024697b4c7a9ea42a286d7b03bdd80803b4dce2f97d7e3362901370a8b
155304,2d16f87be217768dd198ce93846106a5a2c4865a74239ae3038e50ef16f334f1
155303,32068a36019cfe8bbf0367978288b4136753683ea943c42e0b5dd5fc8a03644a
155302,a8a88eabe2317ec478635f563524815be82cdbf83ca556f155278b715c950dc9
155301,1a4c6cb2f5f2fba70c5ae1b5c70e7343e15d88616309a28f20c499395c941536
155300,d179cb94b2ca9deec844f78346435be0681d5c0dfd95aa7c812544240ec46545
155299,80fcd5b4a7d326a07e1f909e8ddeb5f7caab7ab64c739bddbedcdae22c50eb77
155298,c1e8b2e9878d5a2b566eb0b358dbb90b7fa61420da0456742c7b4e0accfb64ca
155297,746f3e15006d0b72ab74675d4691640c60f47e41e08b48d7e921653a6e7aceba
155296,976be81a46176bed08b224a72ce8d0f89712dd20efdc1994c18a043d27653268
155295,69e411e10400c1c81c566cf814201f6bc9801645966008a848c971dc50ff9850
155294,c681479f209d457d1e9fe56abc802421cc466fb0ac2b3db7a09306abfcc3eb20
155293,35f81232956a1dfd44faedb304aa45fe5ca0d20f89f419ae50c8735fb07127cd
155292,d8de095fa91625a72271e5e1394d7b4b4275de70a138672c4fd7efeb2700d17e
155291,b5983a6859520344af813fda64cbf2b4cce614e6a9838c9863f2d1e7366b8fd4
155290,e3a05cfc16bf40a0311532a0d8de9238776bd0b8c07c19b083c442517bf758be
155289,c3c1dd16bccd8a7020e7068124aaa8cb74bfd09e3e39393ca252a670363c8fbe
155288,da0e1bec147d6d31ac4169eb3bf97133d46aa78204c8d0a2667ed249d85feff7
155287,0df740f7282c8c5fcfc1031f6c931efcfe7edc8bd4bc7870a235c84790fa4828
155286,fcf8379b46d3ba019cf6514ee3b75716183d9ee490ea3cce76d8f8216e22f4a2
155285,1f2678b1157092ab5814e1e2c774236dd918f239cf00ca99d551cbc16b871de7
155284,fbeaff542664c8858a58adadf4992a94d5987f25d708f4a97c78be8d368910ba
155283,24d2b9dd9b2b6cb0e3b0e0d25fc9bfe89e59d0139b508b5dcad1e5d4adc98bf5
155282,904aaf97724d04c102e169446f956db1f794be043d3761aab9569cca74971a47
155281,ccb91aa7545143a7646a587e0ca6661ddb4b1ddda445cbeed905406be49d7897
155280,bb58c157a2afc754c3a4dbb10bfcc13f43af0396b22e9a264339ef38658d7f6f
155279,cf7813bb58028fe633347f89d6880c7855f70ceffa3af6505ffa9632220abea2
155278,158ae60da0bc252d998adb49e721cbd806415074e242c5920058a020f23f5e2f
155277,7e127c94717706a57d8659ca49441115df1b3765681e1735838faff65c40b5f1
155276,28b778ae3873f3467a69f8ee2083ceb6a5dc635bf857f799927904d75ede6e3b
155275,2c36b505632f563b7bb06ab7f0587769c6db70848ba422d50c00a0d5884e6cae
155274,8b1a804765c7a6ba1d515678b6623ebabd8b4173298c8c837b667dca62e2329a
155273,31658368b0fcca0a176f4fbc7d60f956994d0cdd9fdb6f90f8b74639fd901778
155272,bc44331066dbb444872dc391c5a4beab66c490ead09b444dde5cafd8d2bdfc57
155271,951d3b6aa011e41ffb8538b91a5209284c73c45ad42a704a84a5818577eeefff
155270,a2a19cb939b5d4765fb5f04a33e280fe98990fedde6fd23c8a8fb81166f970b1
155269,8ccae69616e109588f3f12cc06c0b2b3f49e06dc147432b77965c02506ac8c37
155268,f88bb6e3491362eeded5ad675ad8ba48f780aca7b8d7a4b00e42536daf0e7e51
155267,06272feac298de9d18b1567dab6c4e2469c80443fe1df42fee341710ebe479ed
155266,e33f15ced603068c381da921abf52733c07ae4def5e2b368638428387daa10e0
155265,2f7abe35d9ce090f852e86f68055b1272039c14478bf157faadcc1498a57337f
155264,ab0bbc1e57d5843c3324d3ffccc9a8ff2a2490b661a85b403630643b1c24546e
155263,64fc7ef99751d80291f3690c154e1b60f76d5ef0d7399f9e31bae307c7298832
155262,6acc6d57485f0a6ad11618eff6295bd3bb946be5872abf69bda8dfd4e326437a
155261,2012e8c2a8840821fb1ba6ec194ffb13fae655b7d00fdee59ecc0c799c8d32cb
155260,2c91d9d3fbe8e44120ed6cd578220cf401aaa7509cdd9178503b35ca4c392b88
155259,7045b8429d3be9b6dff1a1f810e5a4c7701bd5a5d4a0e3cc4d2e0899f31b3abe
155258,37a706cadf63e5762fbf941e4a6e824a8513e1b7a66d9f92b2083e6cf4e44c96
155257,f859cca851459cc161c5a65c1ac83c2c6fac66045a37aebd868f019f2a8166ab
155256,c4901674b8e323c062fb3b7b90604c98caf4b8221efee7d62de686d474e33b35
155255,98aee3da338ffecfb1776bfe1bbb5a0ab2a66bf36e3d564aec44c71217c881a5
155254,28f22fe3d3e0ace87e54689fd5c5e3f056db3b1c5ed7218d07e5c4f09eda5329
155253,955b1d3d65a3a5de0a8c2d6a1b674bb83be6ac2b586de9c50ffabca02d179473
155252,6a84682641b10748820c9c0cda0335de84780bd5085ee9818eddec922262d5bf
155251,ded568eeb1826406e4315a20299d334961dc95a38c1a3a9a0a18da83aed45ce0
155250,9cefd051b81657d8b61cfb8db4d8276992c5c1e90634c8e54ca28733c9932cbe
155249,c7a1e2eea548f58c169979b7508111ca798e9fc1c550ba9439e14ad483eb4681
155248,a90e6fe5610f5123fdb21a52a7b7ce75d3ef5f6150f214bc542abb2ac62e4649
155247,5473f80f531099dce9c4413dcf8b0c66a00e5ebc56ce9f8619ff6b4b70b7ff4a
155246,cbee1b05279654b52e2f34b05841c4901cd49550926e66e582126c030312700f
155245,082657650588cca18ff4dfb06a442f79dbd50dc640aca3abf26efaf4d082e408
155244,d3cdfafe7768ea4bdd40db27c62a7b6434e7c6087f0e5e67b622cea58d41d07c
155243,7903f905917c4bcb7d02102c20feaa4f0eb36a516ceabade6980c47d261b026d
155242,ee5fa118a465e24c48409bed472f14daa4e1a9688da20515e6d07e040ccc81f8
155241,dd669f7a912dd332da83a8dacd61b74d92ac0c00f5d200f47f909d9b87102089
155240,174d3d19abb597cb763a5e955e127c40151e877e98798092573fdc469fcbd02f
155239,c106ad4f09ba959dde03a3e5cc257a0e75fc556f7e52e7507c2a8c18d970fd77
155238,0ffa4fcb61cac7b821e59126419acd5d5753d83bc1d213c25e23cf621a4485e1
155237,dd25c007431f7795178fa52a3aa17186535c309e5ff581f5fcf415b2583c0c98
155236,1492d55c5a72da5234680b19c8678b63b12c4f797b5f132cecf2e76ff13a6f5c
155235,b6d50e1a8fb2444596f5006313e9813009b358a2b769a2ba21c2de4320571888
155234,68811a19a053faa2236aa6c5c65843bcf284462371368b72eb4ff51b61435573
155233,ec7531f78382e593c2f4bcea51e963d3c81107f2b4c8b3b948415da65f8a9de6
155232,dd7b3f7a97f3bc0497715739fa127e538abe5b97008d969eb52caa8cfa80d089
155231,b1447b054a4d57d3ec05a68c0e94045cc1d52aa9026481301be4075f3b9cdf7e
155230,7cc39e2de9182d38d273c9fcb32715bc443a3e51ca715d0e6e4de346b3dac020
155229,cf6e623a461b04decc5c579a51a98899b6d96c08084f81a95eee4fe6dae5d670
155228,60f77628140671f85f12d4b2873a01f8631472ecc63151dd1bf351a469d791a6
155227,24d10ecdfdf21b55b6e7f8b0d27ed1bac63c9ce511bb06ca8fb51c7363cece89
155226,4ac3c946c95d1c6bff1b71f24b0b3c2aac8b5b20556ba33650fc512f7a06e4ce
155225,c26eab60067aa9c31d2f3c1c71755f3a12ab1db2a49b608701d2080472e8b771
155224,6c6ab786c9eae902ff593c783aa2d532056d4139e0be67db566ebae22e46f873
155223,5d09b25ad9cc862982b4353792601dd6108b8399e8045da5b6f4023fc4ed8803
155222,9463afe9c1f2887a3f9736d3ffa5b5939a12bfa0052efee6d958e561255cbdad
155221,534094b48fa6072b41acf80ed3aff3ce31f779f909406bb9e1bfa861ee2e6f4e
155220,6e4ea406eac1806936dd26dc62e627346e377ab558c5051d6afd2e31fc129c8b
155219,e90dafb46bc2de82543ad3c1236b3cfe18ea1713ecd444d87f22e05695e12833
155218,0eec06b07a1c23cb466e287336193651ec14fe51edb26b4cb34dfd500b538f90
155217,01cdea4b781cba15d936ed3c2839d3bc803db4756f0ccd245f80d45ee562038c
155216,bdb249ea47d9915c25f0264e8900e98a9ca951d2869279af61e08a49a9586476
155215,14378b55f9b4181c5045852f93115bd051bbf56f83a7c6826e4af11092085ac8
155214,7f774bc79a8000b37d87b58daebc433f79559d1e550767c1df6578f3131dfe95
155213,5326525db2d3291ac242ce14f9907d1e38d6e333e4e2b42443c6f3fdaf8d52a1
155212,e10df9d52f8f2ead6d2a1cdc1986da1bdf64d1528c87337bb2273bf74271124a
155211,d402fb4a14cb5468d8cd933e63d7c750be1f74d2fadfbc32b77246f33056c2eb
155210,70108a288185a55af219c280f907e561dbd82abd17a3bdeb86c4d15785fd6c4c
155209,b04e04666ca868ad91915486bb40f794b8f2c8dbb4a02cf69b05730a2c6e4fd0
155208,aee618cb533319e365f44285192720b62ebc685adaebd70ca9cd43ee9297adc2
155207,8a958d44af07dae3aad237f17bfa7387a36e161eac6862aae41a909cbb728eee
155206,c747827e011969790aa3bde898320cfcaa60b4276fe50941cb1d2a1f30ac5f00
155205,ee6ec1cb691ad4ba2a0f6001146a057b9e8750a91b8a8a72e763d28792475c0c
155204,ca3d2e3c620f1c0fc9e93b2e9a06e2f33b7231867deb064078801ceaf117ea2a
155203,4cc1763a577e02b900a5c758239d12a6ebf7a05fca0e2b2550c2440c63e6fbfb
155202,e2802d649a67bfeb31d6bcada116d298c7be68b28a3cbab0abc6b0171a85bd85
155201,a0011e5859c1240538c33962999390e90304169cfcc4f63da21567f4f558023c
155200,7d9791d76c19e08a8f2d8a975273e4b3118f3546671b5025ee23df10d62f7274
155199,10b5fcbe140128272d3e89d7b6f77b45e7bcf49ce13ffcf862f4bbb116258437
155198,7057c410cf18239b3419245951e8f1492487ce56aa89b6efa5a500e5a60bd4a7
155197,3a399ac4935dee45c45c526f4738fae222e8d3bcc60400d5deffa6a0a4f9bb9f
155196,5a7cb07708dc5d4f37b26be3f4eae96ddf0c5ddaf9b0b7492b0df72349ce9383
155195,60a3477dc7bdd8f6168f47a754b1a52c6e3c8beed55e384acd807be50e136578
155194,788bb5517eadf1064f512cb59b6481b6cc01a5d44bafbe896ac4cc6d7b3e4306
155193,b622f23773f059c9aa4d4b2adea0cd7e07b01a005b56d48dc2736865eed8f79e
155192,f83d58fe22d2cb7594fb5cda45ee8564dc745a0dbc06a3f148c50d832fc7adee
155191,b6ac7f0244d42bace423a74c82de2180a9665268d771f17a5001c51b8e990265
155190,2529ee8a3c9a8b75e92a6080ea8daa87137e6b411788b3d5cda2108d49d60660
155189,db40bcb348fd28b5673c93fff44ed3879009be95ff522108828cd4dc883bd72c
155188,1c9fe56e782f195ceb6d0d7a255f82049f30e99f2ec394a18caab2be85b51345
155187,0989abbd6de4961b490fc5d15f5d8be8d360b94aeb681d805751861aaa3726f1
155186,50e1960f76354c7f5ef5ccfc60ce47cd1e1ab140e25cc46f8e0643279ce88248
155185,eeda3ddb310dcd6ca274c94bd4798e7b43b4951befab360ac629ffec6c7f7b29
155184,af7d3ff7f012a86fcd50b78f39c03e228b93dbccc01900b2e07b49708bee9604
155183,a8f1a958d03f08acc1b4f1800ba93b13962c1c251f9105bfcf98ddb2990e08f8
155182,191c9ff94b9f4a2bd9c0a004e2e47ad37da30e06494466b1fe98d46a581ed5ca
155181,f9a265be8ccb0d384ae328de4be45409f19ee48c3985f8fa89c7a9c4eb369e61
155180,09152072bc7797e3322494b33d2839ff353ad8a91655111067c7dba0fb7408f6
155179,7762b423892013eed6280549fd97e117b0c8f13c28b5dbd483510a46408c3635
155178,616aaaa516b722866763a918f9d657bac7f3bc90118cd4b61c40024370daedaf
155177,1abfb5f062fbb13ec110dad4176affdefdd3e60863b9a750c936648e834df947
155176,2cfed5dfd84ae8755e6fb4da7bbf22a3a492cd3a9cb6e5257563105f26c25d7e
155175,254fcd08d3c8a5e03eb3781d9bce752f4e47e4172da03eba9270dce2c5a378f5
155174,45655b81b6917c3747f471a1228085f468281cc3a87924aea4aeb61a874e3573
155173,873c363928afb2abb9ce1ac3af44f6eacca0e612a7102260f97af11667b17c9f
155172,963c78820c23c90b267b54618c21124a5acc2aed8869a2da34645b847fdffc87
155171,7efd2c3fb700a8d189f4f7e179195a54e6182c03e9e83eec787652f099828a1b
155170,88e5dcd1ea1e92148cb38db32540cd065b60612f716544e6810c3f72a4eec55e
155169,fa1f5db116c889dfb734689ec41a5c4c7163cb334acfb38d68d6ec46f6ab307c
155168,e295749854c1a4649c93ae82a59f74626c259d333cec0a8a2f472f358c60a0fa
155167,95cae49b0a22fe85e01e5087d491bdeff5cea4a34931e0f816c569df18d5478f
155166,1c2eacbd96b08c1f2ef138e1057b2d5b32ffa2b0c626f303a17912bbf0cdd63f
155165,992e10c36f2e6955efda0f3794f19684ac5a2e042dfd3f3ef5fe066fd75bb2e2
155164,7b5d53cda5924e7822d35823f2ae0f3338e1b700c4f9e8c4392bfcb808b35ad1
155163,9a9887e67253275a4d289181e59e0ed18e1515cfc54bc2398669f2194d6812a4
155162,96d348857f2128b6d6bdacbf6e5dfe16083b32ae50f3b42dbff410fc06ce16b0
155161,984d273f7137ce94c81268619e22c255ef75a884ae8a93ce922e36c9bdcf5aaf
155160,e86de1116692d2c34e7c524e2a1b874e28826c59962384b985e565e6604a1002
155159,aec5a796397e8553cf721a373510a866480807153203b2dcb9cca9a94c776bd1
155158,df588fc3d4bbe0678dbc5d7771e3662778b137ea56806bdc82f4572399377b4b
155157,de1274117a869c85cbdaed9f2038c75f035f61dfc739c36406063492fc93c513
155156,d5eaad8ff713bf7c3cacf6b61a6ac15f01865f07f74298dc8ea06232049cee3d
155155,9579c59effafa78ab34f9505739becdd346995a30fb88e2fae3af6647194e4e5
155154,f7d5d202cf33ec54ea7fc969cb1a691c622f8bb2f239e85e2f5f38a818bb8dc1
155153,49534d015c53a0c106dc7941ca8def5017aff1dbb93a35e9ce397c18e39a5db0
155152,16df843e2db84508625cb509c4ecca437571fb92bb6461ad3e3b4e8ae3ad9db0
155151,fd342fb8c561ec977053afefe8a7d818ec722f8fa93751a55d4d416880c554cc
155150,9b32c02f328771824fee1f4545b424b35e6aaba89c6a189b05d484327ee0c986
155149,85d53da785db265b40cd6a9709a3659547a9aa3d660e6b7533e184427cfaf0c4
155148,38bc514f3163e745d2d677286cf2dbd677394e7b256b73be548ec82f7349ffde
155147,5960df4b488787870b0572c0e6635282e872ad61d5b99b50c0067cf8374e7420
155146,467e705f5fc8cf696e6b94527918a2bfcda05ecb2862743a999b5f9b8a38c67b
155145,5ab4a853ccb77ad182338ce8f4c7b0ea47248a636c523f28bb481584f86d9535
155144,9a2042123bf1797c11c755c6fbfacf918d2167f815366f998b51033dc185a6e9
155143,853b24e359aef92ff651213383b766d6ad364093bcc051b96bedd609f56b5a81
155142,4a573a82660e619f3b834f222d5e54e3cd4e2c94fb967d307968c3b82a60f71a
155141,76c4a92c9979c5a8f27cf9449832444978326113faac25c6eb2ea0a23a20b24b
155140,56ad7d016551620ebc3e1f835798d8a87f1550a40321d4e9ea55f0b351ad7f15
155139,57577e2dc03ad9c06e848c5bb42adc79a94c55926babc5c58b11630eba987fc4
155138,8215c52d8b0f780d041dd7e394c75f9321b5c733bad7da1280d084208a1c6b1a
155137,fdcc68691789733231591518ac054431c9b3e598b1918c52e39eab62b4e9109f
155136,cb896a02214e08ce6d4e82030ca91b00247eda6f0aafa88ced371b313a61172d
155135,f451cf280993316c73624dc34e53e2fa03895b3c20caf3fec7522e313de9c5a0
155134,881edb17018826a448f263dd96e3698c4b4307c06b240779734cd2ed19577327
155133,6c6d52ae34a339ce3e82864abb6a087c4a1eda6efa8df872ba000c8cbc96bef4
155132,402b216e4d31b9049b54dc0a37f6765ab5ee9284f87ec449fd0f69460fbbbe93
155131,eb32df863a3b4b6b3cc895e6d3ce5f22afd36333240cd021d431fbb53cf54110
155130,eb066e3c6f812bdbd4addeba7070e0b76fde79893cc6db981198d7ce1f1a14cf
155129,a70aa0ae2ad663595456f349c1ce4d8eefbc3b5bab428476ab268cd3dbe8aaa9
155128,04a61ccf8b9775da02a369a7b2bc2127431853dd7af20887b36e7ad6c17f13d3
155127,7cedc4b36b546945bbb691839eaa9af46cca4e9580e5e2bd059245f2da5af7a1
155126,429f9362bfd4ba4a0bba398da49a75be0725900e6dc68ce90d69161a37807d05
155125,a5c8882d11c5733f2dfe2e0ba9e105458c3c42bfa5faa2b0a20a7355ed3743cb
155124,a706613ebefa7282d1e5fe25c7ae2a4d47a79566cf3979a8f231f1f7ebe404e8
155123,6e67ef6f668b5e3f98810b68665abf28b1b3e3745c321dea0a14d714b0097a09
155122,75e8bf226cfa906a5639fc019c31a4d86cfe1233574aacffea029de0b8ee1f70
155121,b93d5480287c96f696c05e299930463a6cf7bc222b3eb01e4fec54a234bdf95b
155120,146ae0bd5ab1cefd256e33ba039502cac182d209fa5cc4505b863f07765c5d1a
155119,278f18099d2ac1fa60f214ad7f34d3533166327f8f4acfe3282ddc298b25c2aa
155118,24382dfc97fd5153653ebf8ad1e2bc7102bdc0e9c50d0033a47c2b3c9431e040
155117,9ec7c2524dfc0553de6fd86b2a4c161cdac1f3328a72a5e9dbe2d2c4f2ea18f0
155116,81e233225845001ca894432db0bc8a4c82fe5ec6549c390e9cd755befacff153
155115,4d1a8e11676c6f29776d26aeb6f5c52cc4f7425657cb67313f09d41377c22dae
155114,118dd44e348aa5000f6d6d018bda72ba3c9639bb2eb30b31a8d9f4bb81bf36c3
155113,16c69a23bdfef6499e4ee4f8d94301f7ebfcf93270155035387b1ed96b95e105
155112,4db6b7ad826a43d103ee5a133aa950a251486f2c6c13fc351546b4ef602ab801
155111,e80b50d92e308d2214f5d19541f71f32bc2c8e1c372fa2defa25de7b3d07c28f
155110,9f9fdbf28d4b3019cb3bdc0efb0b5c4564f48843a14f011286f3d5fb9d270268
155109,722d0ea6123c0f8744855b493cfcb09191f65c9d438bfff204ef7b11752325b2
155108,0ff5a7f67f50082ee5dd6c73e8150263691737b19ea914739612b738c7031d52
155107,bfecd7f8c25deabea95945698ae7b7c17b8c368008f7d7ad6dc8a457b9bc47a7
155106,b5b4a3a4ce0fd1b9ddd7b9e6dcd5a3e393c891c4560cc608396e4892abac7e69
155105,bff32845f6d59828f327e45d40693f649ab5e88f5581b86029437dc6777dc124
155104,e18534f63b2c353a60b0897ad86317b1c2527604f2cd409e70bd96700075a57d
155103,75d40b253ce5c1af8e29cc0a6351c00609d63968f13d5a0a8cab8b052a978bcb
155102,3945fab1639fc8d1b8f62f016d36d16ca6d3140e02e43453bdf4e59fe07a1d1c
155101,fb6301fe6c626110962ca97f761e21753048fa276a3f0f65d0d1af88f31b753d
155100,601d7ff51e55ef38377b3a07ad9a5d8abbe7759a89c4ef6264f24b972a610a8f
155099,fa86aa4bf1b3b562f9dfedec2492898e8ed402074f0327ac1a13a04c0710bf52
155098,4c133e1dcebdebc4cef3594ba25790331b70973c714a345a0582b0d2e45d54b7
155097,01baacc80b68f1fbec1b6b19bf43a873aa99e100932d4bc065ae3273fe2e7163
155096,b7aa80258217c7accee8b655d886725ecd3fa24fce3d2eeaf51a41512183cdb4
155095,dc09568db8cd1509ec7b9bd7dbb82583f171f8d60d16c7181cdcf4e89155cb6b
155094,f1fc973ab350e200c4c072d4687e60684629d001d5f928f4d41c1ca5e9cbc97d
155093,7f431048e9f3d08eace29f1a2835c18602c6fdf7f1fd61a3066070c718ff111b
155092,b0623e2cd158650dffb4fa57b07384aaf1c535b6d1e7b59c460ab0550af1fcb4
155091,91df3efed4721dc1df1bdbe6351b77a09d3fcf4f1aeb2e1349483829347650a9
155090,915006b63624b66e51fc98a802d9ee9f5d6133666b19ebdf1b4d18107212c7ab
155089,b2666899aa7c491aac7638262b07d6bc0796cce757bcc3f2f7f2aaf74defe15e
155088,5dd71627f90b04ccfcc1bb65924ca72eeacf359cbb4e1dfa1826b4605b89f98d
155087,02aff32194e31b7dfd97abcc2e727b99ba403d7b48589047294afca0320e804f
155086,06d26f3ac40bc450a0a34aaf8e37cf6db44d4e4acac3e7cd93cf148cdc25d854
155085,fa012b0003d9d782512f9446403f58d9c67edd531ec65eb57fb90d3d33387699
155084,f4bbd283a7e75d08cae5a074be7f30614a85e503c0d3854cf7c47e1a9f3bf1ad
155083,05c9828d2f191562353e754a647a411119de5585f61470fa8c70e43fe5f8b0e7
155082,6d729e58401a9a457581ba9aa32352f4f5f16badde0093b48d7708d4f4988a20
155081,0b2e08b8778d7aa94599b2455979747664b3c3a5a79012b50c61cba3490f2dad
155080,2a42828b7110673ff490880645a25d1acc2d316569ac1efc14ad92d3e83920a5
155079,117b3bd575f109db617807714d947c2625db1177855b619ec9cded87ebed1086
155078,9697cc84a39b7688dfe5232ce4c85bb76b5c667199bc2385e22f1dc8c0dcd09a
155077,48515d721ac3e15a02a95f12e3f25fdaa467e361e8b7a557f535cfbdf2e5bcd7
155076,56dbb0e73283df8e41dbc0cd349a45f1600ba28abaa8252fa5b8704f5f4eeff7
155075,6438ab27bd0ba868418f72c3090c9f62bd405b8c08998d330740b6242c809963
155074,a84e063d7f4777c2819e9029e2b1ae9458a35623ff534b08c6d024ffce605440
155073,8683bbdf02760be2efcdd082a7ccdd65782f89136aaeeb3acdf3fa3789c51001
155072,f901d8a148ec48f4d28b4b976fa3bf01b58dfc2add860dd8fc33b3314f5a237e
155071,5a9a9f0c051994b91c4901b6f392ee9a41909f3a3b125326f797c654c0db0bf0
155070,801a926ec35907f1f69324f13ef9b433dbeda7ff3e6bb5eb9a23ab8b3773ee89
155069,3ae967ab46bbf970c613e56e7dd8f0d4dc41574106b94db5becfaf309be68d8d
155068,74ed882751ce6ffb6677598bef8c5486ca9a59ab1d40bff4ec6581ee919b4fb3
155067,dcf4e52cc99540ddec092758dccb4bb7a06f9573a3dcefd9c04d8e537e7a8e74
155066,fabeb33958aa41e04b8e9526c6eb03b0671fd7884044eeebccb3d6034df21fff
155065,3dd88460b1f00297cf77910d2cad9302bf8fb3597cf71fbab5242fd6d89a4467
155064,2b598fe8ba547ee0acbf660ecdac30615d44652033c998dd7980d15b7e1ff855
155063,224a18d4082758dac4f57fcf623fd64be3d1fe2293cfe3a6b923c206a7dfb419
155062,665ea3d95980d88980cf7a02299f4472fe9f48ae9d4e1410b7baa3c038a36563
155061,4cd4e02aca023beca7454187ef92aa72b0eb31293cc5022da7dfb9e6fda220b7
155060,f6bd5ce98e0305cdbb9bb3208bcd95604d60f29a6a293aa86ee05cefeea3a9fe
155059,a6b5eae4aa20e7e72158189618781759a34ddd24034d0114dccd5d3a5ad3a109
155058,37e6f2de656c43f8c1dc697aa003da168dddc6703ab5c5cc635aceea6352c218
155057,ef1b40fb73b41849651177ab5d1b07ee5ff61bffbd6a45522b8cdfaa8851d0c8
155056,bd762c09e5032bdb2afabdcee27a2ade0d7bab4e114f959e72663f54432c760d
155055,2b19871867f39dddde7bb5e4027ef27882b185ce43479b51dfc2dd01339aac5d
155054,6ba39b8c017df1115295569465ba607c3843d84b78f986aadbf60b6311f87c77
155053,cd3a59dc2a70728e7ca7a5f28fa1c6252196b44c2ebf3c94622a216ca91b2e17
155052,c81c714626c9cc41bb1431e7e3883530f781dbb3e18757e21a229f932ac06aa5
155051,79183cefc5e3cff2be4587dc665ef1a00e67616ce7dd69acc4bb4a962667c8d6
155050,53411a87d03913ba0004a6ea940518ffe98764ca8099ae7baed376bfb5896071
155049,40d12f594506307316c3801659d2dc4eeeb11121e9497b145bc29249eb716b5a
155048,11a5ac8fe4b5c400c451bdb03159857dd1f1926a2a72b4db15fbdd807b756fef
155047,88005304d8864110a2ea7f429cabdd9c4f626397798b2c9d4c40c4a02bf59ee9
155046,89efd3ef488e0db0a871cfe03fc3ddd8a64206f3a4816401eff639a6314829fc
155045,a0e2b3c1814b8ab1d9244ea9f817af11773830697c9c14dbd9caf7f5de94cbdc
155044,e4c35253f70516b28a4be598bf495fb9e370c06cd8954e4b221ac6a562f4b744
155043,d6dafe59d465a925483625effbfbb9e018d181681f04296fe8363b0cb25ed8d0
155042,ab0e732d9d8ac535238fca884cbe9b5cb4d0178f68852ad1c770ffd3e218b0a4
155041,c5a6ff9c4d3681ef4492ca58df3db4ec06403ab881066247e638ae7c71617432
155040,d6d65fdce075cc2f011221f3b74130e4cbb49e336ca6d7be82144226c31cb6a8
155039,ee505d016e98013c0b9ccaedfba36364139046790ae5776c9ebe998160855587
155038,2d16461ae8ebd8b5ef9d38eb0639aea0ef40673309638bb5069a258a265e3a46
155037,4679754746e4225cd85d81a4fefd8ceac612c6cf38e98b36f53195b6eb4b213e
155036,32780aea89586ad22cbad3c67af5daa023f049685380c0bc66c0065170120564
155035,33779cc4722654d087e08e4bed3aa1dd1a099eb2b18bc7e7359f1261de024cfb
155034,cc261612ae3cd53cd81fabdea00a4a4e06222b1b17931c8ad225f2bf630bc779
155033,739981c6dae0a76f3478ca9e7fc24c9002f9e63d6f82616c4fb8790c90de2434
155032,4d503108795cbe8391a8a48482ac1e094cfce66feb9f2fea878a1cf68add4248
155031,740c075d04c020e0ba9f56288edd05a23aea5f0057d3df53dbf278d91ecf2023
155030,3ee2208ad4931cebf00be37af46c0298e7d524160578887c0c0f8ba717a42201
155029,03510ada528731a6f25ac1c44774984eda071669f2e7ba54dc240a04392d97bf
155028,cfc17ee27739f62911fa6b518eb7fafa4483fcd714503ec6cae9c814c3751d07
155027,ba1e61db218c07b2abfef6593ec324f8c4fdb767cd70c3d33f54684089d5131c
155026,7a36a10bf2881a29ee80f3a34cde5f23f07e499224ce3b8ca6c270f5c86f0340
155025,f5603dae82fa7c6929dd2bf46b98e9ba657bbb65a9a4b0f0ff7211ced798bf3b
155024,802ece70dbafe164fd494111bac698003c25cc5cd55948442ceeeaa5e76f33a8
155023,6bd83ea89a389d8f7cedee0475d412540042ec031ec6576eda7faef7d1debe43
155022,2a7216eb2fd4bf3fb3fe288d7c4982c2d71dee6996bc9c84b8856b3badde29d3
155021,506c188c19c8090b6862831e7506cd7fce9dd8e3723e6afa0ce88e98caeeb942
155020,399a1c976f252e272f441c2ac649ad0c5ec09b4450957efb733b1503f9b572ef
155019,e5b3ce05e1dcecf9c7786536e18638b80b18928be5410b21a97c9d8a98bbafcc
155018,a4c308a84927b87b6397bfda53b5ce639884f92db4779883c78392d2b411e89a
155017,d91cd0e666f579700d091796614c12c954a3c6c9b59bb20bfdbf31e5ba450dd6
155016,bccc8217538bcda7282239d9dff527f0d4a9b684b7ea3ab7cdf2727b335f9282
155015,22e17e5fe97d2611d19718c9887bb833cca2d492ab35c77e35ae0abd49d75c0e
155014,d9b2199b7e7e3b77cd9fff5d5db497285e5b64b2874c2ed00c9df386abfb64a9
155013,91d28b27daa6dcfd106e5112f9ff5220773479c808582d644a088cdba7270a98
155012,e7f8ba71562daffdbb37d1afba2e63b01092cc1ae275a576302206af37097520
155011,987f85b11bfeee4dfa332f03e1e3b9b54b480e72fc841b7f164d09c49de9fc9e
155010,e66f27e8d1527d46a1c17a2ff4a55d7ee7b9288c3d045c7fb6f7cb0d88a1627a
155009,15ce69d3713d2dbe8f7cb15693e3c9fd2747242ccfd45d511e78a25ba04915fb
155008,eee77b04b5e2c83461167977b99563b2c0fb6ab7a3015a9334d68c122c4f4b0f
155007,840ddf0b3686d7d9a9db66d64319d3484c7d5b6af0e1ad4e1e9b86499e5bcb6b
155006,71da744d326c270c708576babb539e0480891a243ebeea40c3785e91c59edb69
155005,2b94ee459b91c231783ec9e62b9c36e0ae95a21b9fda79f090e05d9df54d82dc
155004,fb244f733793ca04efdd736164f1735d5a208724793d2d04fbc0b5a2fe2b4c57
155003,d50c42ecd6be2bd62018d786d618be3097b4f480dc4a2d8598975a3c96a61abe
155002,fcf950910ad5b5c43963c5daf6e11a173cde21b24487908255c3fb07941aa3d2
155001,f0165b87d8f692f60ff9e8c50b341c033bea35e5c1664ebb63f3a72cfe1f5c24
155000,86db28fa7f193663372eca653e1334dedd8bc6ae95441314a41ff58340e8160f
154999,adc00314922b3cd8edd9a1ca0a9b4c638ff02c4aeba5d442985a0ed6b3b4c3fe
154998,135ca93133352b05e48e7c718c16fe31077a400cf1b328dac28602e0ea2a5189
154997,a381d259260a2484a2f2d745ab8009b4e05f7a252eceb103f0a1af1b3f9ec145
154996,c8645c95436036d88c6364fa21c4a8b20d168dae84cb5a6fd70b4f5aadd11e47
154995,01c3c0e1db43d5d1e6ccd4980aec5aba42d3611c3d2312c63f252205e8359638
154994,de7a06c12feb0c38d96c4ffe1c6278b60c087d4c4ced981434d98df2c1258426
154993,9e6492b883268e549bf35c37a549fdbd79cd80e14411749c0ccc9c1b0727225b
154992,2c4ccf1a6f1955e7543f2bb5de153d9263a6a242b893c9ace1be09e61050ae10
154991,6a3d300a47025f85188679e14ac5f0a93de16a91539e7a5f948253451c2ae42c
154990,3c0a576f3171478687e391073a01459bbb84ca14401fd54fa752f3153a70a1b4
154989,475168c81d10f42cc28fc99a85da096786367c2944a5dc61e281836378658bd7
154988,78580010181adfe9508bdcd54b959fd44b1fc3cd2c74f384fe44ac69f1d30d50
154987,ab81db98ec778ade0d4b2c5093951f31a8c5b3a601bf769b832cef82621859b0
154986,5be65cd6dcb876b1383fcc6856a2912f22b96bb41738c03c35de7323ca8b3220
154985,5960151eb16a5645ebee876254fb1ddbc54360c9053be23b1d145379bab75fff
154984,20c14157aa19b72b77ff535e4b8db6bb0a7a797b0f14eb2ea309825ea7b36e20
154983,32cdeb3c7589d943b6074f68bb0a691a9b0394dfb811fafc84b04bc8a72143d0
154982,d231025cb6c2fa95543a142de68df223a5f045690cb166b4a3f4d38a40693dee
154981,0ca23db084b33488ef6af4d8c1b765b09e3e4d5079c17dd2002dda2e416c2830
154980,7664849fc85ad879c540a31c327b60da3657323416075e04792ff6a8a7709753
154979,97905573a334b09f562be268c0747872e3d1a25c5ef6017e7a8f355d53fdbd41
154978,9ea9a3536fe28cc7dbefef5010476e8305e81edb0f5dd954787146a2200e526f
154977,778acad1f892d665a5362c276dd8c5c5e34d249ccf68be8b2a4daacf557c42c3
154976,51564b5d1a1409dee20e5435cbed64e8d67951091b17ab3913cb12ddff66f075
154975,65dc66b99648759f7f305c6b1a0dabc79f3750e605e109e7e470480d083353a9
154974,8e2ef25228ba44e806836d04f389381b0db46ced3dc44bb881bfa7ab2e5b776c
154973,2eba676388ec2f6301c1a98175ef877f38243303a15e0250b8b797e7e67e6743
154972,7cb223a6368c1dc6134e11289d47323daaf04267e444ccff7cdb92f6ee4989b1
154971,1a17c01f446dfd3ce7fea0770558b8a6353d1f34b0e28722ea45879c058c99fc
154970,4358ce5f1b3be57d759419fd70c83470242be398a6c09c4069abf644c936a646
154969,3b47fbf125ca898eaac18930bf85a1a7fd84b630db686f50fe835de0cadde970
154968,d26e136ea3f28c58b8977c43cef1b8ce254bb50b9c663b71150d161d29e57847
154967,1050217ce60de0716436b6976aed31c53d19583ae6988a064929872f690dd63c
154966,46f664d114948a561ef36356085a2c1bff16902cf1a1813c905e9bf221ad6103
154965,442db45141ff8c93e44757ba2488b71affe945709728de6014f2b76a0104efc1
154964,d60eb77baa74bdd6179f0cbbf8145a0eccdea8beb42f7cac66e46bab36bf33dc
154963,8c3329cdc74e8ba79eb27f762367649d0d347e44ad2029c9a1bf15dff92ce36e
154962,e69d18174178919fd11be29edd8beab2e5f279d9908c93a3b2eda29114e02414
154961,b6bd40f67a0f4c523db2ffa0ba544ecf4a2920ee32fec73c2dc9f2d76f4b551e
154960,d4620ef79ddecbbfbe8daf9b71cc814b419f664e0d50f5f7d996f037af3d1f31
154959,394a227d2de3ceae8c60990353d386af9497a9ff8fc8ed355328868d5e09b811
154958,1848952a51c3a795a4858e4fbd90a489bded86a92d471cb432e62dcc93568f00
154957,247ad44d63ad1a3b5724094b00784b4abd2ab0182216c3d1737b7605627dd3ec
154956,75e72defe4cd63cd7fc37a8fd0028b50cc7e862028af0eda55c98fd4cb2da312
154955,7d4938764b2889031920dd6b2e6ef0556171bfca8516fd02cfa4735f552eba58
154954,82778d36c760aef2e5a15a124f061012c8cccc480b41213b29b32132fabb2faf
154953,2d2f23181d4454647a32ac16c33cbf4b32c6b6d031057a6a9ef1aa48841b49dc
154952,7645a524a6556313d76e74b6aaf62e94f0232895736466afed001c5e2276502e
154951,7a1204b0584328e2e6cb9e4f9adbfd10a515678849839d6fbbf2f98947abfd49
154950,2692b55b7bfdcd767ff244a4b1698238bdf75e0b8c4f1577c85448f21802185b
154949,488d4af003d68a235f4fcc97c807ea3ede8040246b38b3bda56b5d36f52c4bb6
154948,7c15f4a4d90fba2e4f0065802111eba169d39aaa541dd5ba4dec96e4ea20dce3
154947,5943c1cb06ebf44810806558deb5a54a912d521ffb8837a64b37eeb86403bf5c
154946,8f21cba942187b7378889403070e668a3054bbcd44cfa4cef8c148009b36f883
154945,8038e989420020a2a0d7906bd27c2e7bcd7be446040b5738b0f25535aa7ef339
154944,b3ba0e1a8eb3eab75650fd3f327d703457f86c0fbb50d6d165f7ee195e58d6ae
154943,70dddc87a3a27894284d11bda37065762cfeb60b1cd5f12b0c52af01a5af171f
154942,c848e1b860d8a09b234281f505d371162d66355476dd28c3b7a27d929e09d8cc
154941,220b0f6f6fdb6d00203d41de1dbb23c1899c302c76ce06a0df333b7fb11b3a35
154940,680fed608a2df1a8a055f101abb7b2501a44703bc2294be9f64f6a7aa25e02c5
154939,8dee773d42f8889c5201044420afd21d78782a167e4ec3fe8b69d08ecc664425
154938,8f4c1ce905a3e608e0773c0e2207f00d348c9ff53d572b5c7ae38b66ad93e24f
154937,fd31ea81c6e7657bc0a500677b416633b6d91eedf873f8745104e19f80ac9910
154936,06e76b56b52a290de105d3cd9622cc3bbf929cb98316a6b25259d49341c27d2c
154935,8f347504b908201d862b4e203c94ec38cfeeecad0c2923c0c87bf6678afe8c45
154934,1ace7fc8698dbe4ffb3bf5f90172f49ce27643707fc847140c947d5fb6296ff9
154933,7fe41b41418cc1c74f58f89178b274e9ac138d0b0769403ae755226f33937777
154932,4bf6f9e6126fb4c9c5cda4e40b48776addb5048328756fc7f70a4957860ff115
154931,2e17dd9521bb9e1c46bb8110281a153a942607e323d70432af23c2292c49c753
154930,2dc2186230dcceb1224ceca23c3f9f88c2ecfd39e2274ed0be898d2c27f34d81
154929,2b074edd8dac7f8afd598dcd93bbe185e23677049ebc5e720c1b87be8d03d71e
154928,b5a3e9ad7077c229fa7ffbb7758e8a1d2bd78de5dd1bb8dba7a039daebd74ba8
154927,56ccdc36d3b6f5ef1054641f53f35537f3dfbe9a731924a643c16838c8b67a4c
154926,db7180d73eee904710d03e7c2728e3460dc7a0cfbdf9d91b3e3c5de6f41818ea
154925,4ab546a885f04a4b0241691796f62dd80e3b3d7fa2fc23a9d540eba9ea5dd6f2
154924,01febbd3aca8fceaebc5e87ac2c670a262eeae254685444375273f300ded0ca7
154923,8b437e5e3dd0e5dd3b701f8a3cd882f8d65be33a389658e001370ceaf35891fd
154922,1651fbbfd0d249d230b2242db1a05e993e894df40c254f6529baa9d37964f35d
154921,ff3016ca725847412164e861785d15183f16baf373410ae2bcc9b894c63cd22c
154920,8c2f0fab9a5f41908f9e3de53bffa219ade0462d3f23585c177c5e8071eb7a87
154919,16a5a6be776030c0bd1d1fc128263dec9b5352a6501e8d4f137812850b4fcbab
154918,24501974bb43c319136f6ebfde4bf8b69ebf21d065e04aa699deca60f27d9309
154917,f4527a426d934b49b87db9a738f2277316a2201df3db70ce4ec74aa0324027e6
154916,e7aa6606461e45ff992abfa23d3ee88643064ab02d76de8dad604c37426d57ef
154915,3ec9450603c8eaaa59f9cd698d0dc72858a6652d9e9d5c1108929308bb5bc246
154914,44e1dae1eaf4c4d4528fcee06fdc8ab8c117d5abadbe3ce8d7b46b46b180faea
154913,63ac2eb4eaf95de5c6f81b06775b5a45cab5006fd70203d6f0c7c1bc87eb92d0
154912,ceaf42742734ab43f1a55bf3f9fff1ff12f1043031f19ac5e08a20f3c7c9931a
154911,90d9fb0f935a457f3cbacfe89dca3288d5df3c7b2d0d0a64c28bdb3ac0799ce3
154910,4430808d017e16efd6586efbfde77ef0bc5cb925c774dcf40463afeb5c3bc036
154909,1c09aa83d3d41afc83fc672faea455e1047cdc30ff55b3bc5ed4829f7e9a2aec
154908,819a93d96704b677806cd79a1681b8d8574f0f054c878fe21459f7ed019d1002
154907,876f5770665d47be2aa255f65e4e26a84a79438c2ee45177d8da4e1c3e852645
154906,d3b030024de1c1360638341bada4b178db6070eb0ca78a964b1644475439e24c
154905,9911aeb663a3faa1cb4a14a0099bd1aa6f9638721de033ed81775397f0eecce6
154904,177e67e24786b1423ab9c048a56ee97e160d2b71fb609664f4e96b87e6a26ad7
154903,7a5b66968c73e9fcd364c94949df2b6a9f0787eeea876630af51040ec6cfe881
154902,f2391e23123f7c4f0a040f27e0395b0dae27ba22b141ccbe9169818061538184
154901,b89387c6cff2d9614dab97bf7b80c2716d1110dffc2b083f4887be5db07c78df
154900,3a831027b312f9308d60576ba4b8bf5ce468e0694e2f87c9a065e7f65ba9f765
154899,b8451ea3f917a9baf3d4f278a9f25fa0bf5114493c092435f972e164088f4df0
154898,0e5c4da58d2cc49cf14a1f7f0081559887be04a82ee91de4691c949eda51877f
154897,055158cbb03d15a482bd449d9da2553b733ed52b3bb9c13ac0393ac8866cbdcd
154896,cc02f837d5225e965d20d881515d19b526515e4a24aa7adf3b81b52c33ccc6bd
154895,033da6faca40565017c53e28be43672c5c4d345858e2210631ec5a21a7ec6302
154894,7af46ec558406d8cc6e853091a36f2c6de165ed18b98a11f2713a4922b9e1d56
154893,29cd568aac5fd4886cd4e1563156d3be88731d398a95db39138fbb1463acee78
154892,01fc8d9a8a2d86e98c0f4d92372b88d8d0e1308c24c37cb85dc885a5420b211a
154891,2175af2dce22e2d3807599ba7e52e8de61a8e1c7b90857f66cdd5e1fb1e98e4f
154890,b6522feb30e8bc6d537c9268e2bf1b3d1d62fe8da6663e657bf7347eb00bc780
154889,ef12aa1c2bd191999ede671ec9c936c119f8839b686448022b2a5ffeed086fb8
154888,74dcc9ab41c32694b6ea71d4e3ccbd65003cba72c80e4f555549dd28c03b25e4
154887,8709886c54bf6be37b9ba6d88dea60494113d5c88612326b3c16fb2a3186a832
154886,86130f161306ad8bdbd6c23217b2b82ff58bf7545f0f13f696fe4ee8640e1c72
154885,ee19dc5052c97ab435a5ab6d0131d88fe90d34bc9d7343ebda36e3149a5f42e5
154884,ec2dbb5542e2c63576332f8b8539e37add451f712b587bd0f46804f1d871c199
154883,32aa1d52e8d915ac40fd0f2e039eea31ea9da5ad9870407ec5413af9a5cbbe50
154882,815e85c1637488b2572abdc69cbab49330bf33ec614876ae965f2aee5741c656
154881,04594b6444071d27a485f79dc2275769e84841004cd3361d2db25aa606fe7cc5
154880,e88763e31cf476b150fb4d7072cac48ef0ebcdf654d561b512e00ad08572116c
154879,ac1289ab0241693185be064a8e977118edca8f3b14c17c85d0589e76988f6eaa
154878,e1da66dd8717a8e727b8208852787ae17a5d8d59b9e4b1ee943e43b34d02518c
154877,b3a0b45555b7809eb19167cb00b544e3febca1923cebfaa26beab5558a6165a9
154876,3026a6c729114025f9cdd6dcf64243d39e6138c3bcbe26c4972f158a3ad8d2d6
154875,3cceb76f7e22c17912efb856cd767bac68a67aecd525fd4b0224b8303b1f6c54
154874,eeeeb566d77cd8efb1d1c6817169bcfb9c4611155caa17e554425762e7413acd
154873,3cd6027242967d96b32381a9b5728e635d351b1cbc279bede5460eec1ad7c441
154872,b7b20026cd304613d7d7f9941e140beafa27499390d81be59d91ee8e5ce5e862
154871,fecc1b589f5f32569ba36ec25c650c62cc8486ce3541b9e5c792201995fbadff
154870,51d1b7bfd013302b198b89fb5c76f9dd7fdf560cd05897891d37aee0f5e2651b
154869,bbb2a1e16a3f287709bb8ec9941489f7087fd6b8e883109b29c0dfb8b63f755a
154868,4deedd1139654a34c4cef654bc54f4db27e52b7fca19b4592439d7fd0193b05b
154867,7742158024b728d3aeaabdb2c45ce317de9a47808ae57734ddd6b5f61078eb5c
154866,df8967eaaac2c87d477471110ec453cf38ba2bcf678187fc24d14cee8eff6e80
154865,a71a1e4bc82d50c88e5fe30dbcf593c2787c6805f0fff079bd8b15259abb9d4c
154864,c245e8574a5d2d3a996377f0cb2e928c278292fb01f693718dbc08ad59468b1b
154863,e9141c3921331448606e638ab9c40cddf592ebe09e5ab85e6abb91a7e3bd46dd
154862,272b3d106d3202afe6feccaaf9e576eabac18f069b9bf53d4cc7215f9c0cd094
154861,351a6040083cabf9cdddcb149bf0c685223d6b832c61fd448664301b2fc9e2e0
154860,8d1c4ba96120e4c04395f5408d1c4608dc7e86f83809415bb367b7bc79279b2b
154859,0d35a8830e6757b8988c9a55d3cb86b97d1b29e5cf996688c1994ca1f50ce39f
154858,6f7e68dffc23446f11f512c8163fdebacd24d248c18b0bbb073fa9b3bd35ef5a
154857,0add19a75da4131faed218ecd994ab195072f030a4df26f1499bb45361611697
154856,f50eb22fc984026d0ca6e9a9c28f8966fe6c54d7387c09f25bcb8fde1ca98161
154855,ff715d76f0a937f435be19a809d16817bfdfddc2f8eeeebbee632b70873a84fd
154854,ec0dba7cff42915c5932147fecac829a994dc4c7a6b2e12d726cd81dd8aa877c
154853,f4a717c1845e265c2dd9ea282003543dc984835f357fde673e57e9bbde743161
154852,cd0777e2d04c16eb46764ca36bef608a48e24f8bc58eac3759d67ab96f93c2cc
154851,8aa0ea6b88e8de0337947987e914dc5b0c20b075a46690c8ae2e6386010859e1
154850,87670b6f31d854e23718e8d8555aaae64b497dc454ad6f7013380074a2b44810
154849,82575e81d1f26f928d300c3e59d5efbf8f4f859231a167867cc5d72f8924f657
154848,36a30ed7542435ff3647787539b7a8cba11b2a9ecbf6647ec7c56200dcb9561d
154847,617488ac4cb759e6c89e56f3f4b7417a412362989a44a03910e2d75ebdd9e138
154846,65bd969cfaf857b3a4b4f2248f400eb40a243300d3d952cfc60e55e9157d13cf
154845,dace298a8ce2684107f7ef2e5baec16294bd93b4a23c079a85c1385906526437
154844,c0b0e9ac681be7e5d61e1c0f86c2a8c7523a2d1dab5cd4f52f5aabaeca96e532
154843,325bfdeb3eecb2cdb5078d1fd1cd3a3a6464a495a1ed058994b84440a9251d27
154842,e65abea8019e04dfaf88c29bb9dbb120ffb41014fdf32558f4ed885233dca7cb
154841,315a2b16d2c6ec498d31985729dcf19cc26e42e3e3b3f12205e67d7f7b4ad7c6
154840,ffe0f65c60ed2b6d7f2cff153485dea2502bdd17e9a17d2d88f122abc11b30a0
154839,cca79e69b0ca5b1fba010f1a25b8e7940afdb89405590c1747dac04a992267c8
154838,c23facbe57950e99aa1c99ac497cfff04a9afb48f6262fc5a0c607b5c2c0532f
154837,7cf91a6afcc9d65a15e2ca563d5522024f52b1acfff688895562f34712fac5c8
154836,87605a77d6c49374dcf307e8ee834547a72810f3f1af99854ed14ca18d01dff3
154835,6789a3f9458fa99533f256b14a9d292e0ede05c7d9e854d6a9144d95d40dfae1
154834,5814e7571c39caf24c97db5fe4a2b903c2522afc39f3af4039b992dabaaed24f
154833,91ce6b200915d263c4956c12cc248dc5d19e6e54e09bf594106e557e921b2d5f
154832,4194d96b2fd3f1ba0e70f48b16cd97cd4b7d6fcd9a47461a87d500f3485639d8
154831,7ae8f585a0c8ed9d149d194f31a1e3ababbef47124da4ea36f152e7f2b027421
154830,b1556137eec8f7bf5b11a22f5834880653bd4580f907ef483869f76ea942c0dc
154829,0c38a3a605657b456711b07b2726e4e234775e857f3272d3aa6075b6b47ca288
154828,a8f87943599f9dc9329d9ff271b4c832bf28c2c5327aac575ac3beec73e056d6
154827,3ff41dfad2e7b69e11eb57cfa3e0e7e198bb7ea67eea7f5a8af16251dfc6a298
154826,d879ae96d07bfaf6c6d6378ef20ce096dbe8d287bb3f4699c436dec508f37d42
154825,d972ba31cd164e1c1a9df5f9052d49dab255094e1fcd4d3f137a9c7a2b3973da
154824,9d28ac794d58c3eda25c8806f3843aeb3667a855843eaa8ad1da22f031743741
154823,852e35223e14f61f0f2e7f96345ee6bd0cc5c2d98b2302c948003d32b3ef1d64
154822,984b2e4a173c0e3ea6b3e4cd4672ea436e9622043a63cb0fe51b409a0b0041bd
154821,6a9f1eebd87374b032f311e6febf4e755b8774960d3374ebe5016f7d9b5fccfe
154820,803025328fc83c632cf557eff69d26ebca6f3803574fc230ff726ad3c8d59e2e
154819,b2399336b8cacf89697bbe17f615583a08e8a6a3fba44121e99a37c70d9d421c
154818,24dd3ece84e5d4a95f788aface4c61ea42439c254580814b587b9ab18b0abc65
154817,52d465e16ab05100671342b2809b2a9c974cb59ccd4187859d74c229df997a0d
154816,cf87f0bf3f49727eba5ffa6e188749ec0edd1a6e7f497bd79b512714350fadaf
154815,0169462ea7d6b42280ca8590b36dd11efda4f0d12e4d0bb089c8b958ba68cdc3
154814,27cd2582fe906e7c426b76d5c05790fd1e2f5c4707342a146118054f79c98211
154813,59f06d1592e4cfeb99960e34db86f90d28e3b86b3009006a964ff884f0f81321
154812,14c98e8b5ee6b1ee05e7280466ffbadb533d0c77baa158ffcf09519b51ba6526
154811,32fa7f068cb7c3c0e0011e0b2e0906248a35bab79aa5a834d130a948a50b860c
154810,3d07d54cedec9ea68c5c544532730a06b3b444905bed073c049ca2f46e79d32f
154809,a1e32406d0bbea29b4c799f14ce0063f87040f6c65b42c8d26cfcc57ec72a51d
154808,c02037186cf5df9145d7a27869856b7d288732c0698f55d5c976ba1dd2274333
154807,9b3ac75342e233c9eaea18f23620612b2fd7f43752c53de445e7dafc12ed4d23
154806,963a70dbf6e4f582d6a46838ada9cdbb1a69dab7474e6bcbb1bef5c0eabbc79a
154805,09e3af3d98b031560a7cb2ff94ff2c4352a6688fe27de6a33e90401887332021
154804,c3ef2827e90f9938ca244543288b93348d7dbe678562752c3a68f039ed7a7d24
154803,8434eee422e239758b40fec84de797b4868b97403fced6699732749b5c22ca8f
154802,4e02b106b1b4a8fee0589154d7fb23895f48fc97470661d029e7f71446454c81
154801,a1f5819733eaaabea178a00bc5ccf10d3c7cecaec8b6e550a88c80b5f237b03c
154800,c6bd02ee68d8815e1a72aba40cf9cf54337e95e977e130b131e9a508e4971586
154799,6ce85d9c49d7f42a26904c7f7d0b9b3e5a64f6e38fcfcc9c80beda2523e3aa18
154798,dd6c86af900a455e47f73a14f4a7e7f0e5ca1af41be67ba41c5299db5316beca
154797,b9d144414ae526a829dad3d1f596c511d40c5f260c765d8475f521d74a076f18
154796,0db21e18f5807d89c39e51d71e8cbd5cbe251f92e1390fb9d724c2de14449e62
154795,98f3d79aa6af6d26befd6ac6d1fae3de2253a218ed1de7e18cfdcb8caa8cfb0f
154794,0c80f6fc9cffb29bf1d1d24e4875d6f8888b3ee119bffffddb524833bda42d50
154793,ce10a229a639c617c844a4d73f9c95ab8e263763f36bd8af638e859cb35c4c66
154792,55a14b055f065becdabdf55cf376fac49f5adac5fb47f29dc4d79ebdf4fdbd2a
154791,64cbc05ac151c122dcf4122d58afc820330a0be1b1db512e3b934f4373e095a5
154790,ec2fc5eba86da4eb9b9e08429011788b463d5391b6d4fa1c099f7106fd4f45cd
154789,45ee19fe1bcfab1ef7b6ea9d2cb3f413f90bf70a0fd5ed9929efa383358ef781
154788,1ad431232905a7d1b3730e896b051b66fd9cb9cd87cc32d3c4088393dcb27f25
154787,2eff8b275d15e136a0baa54d5bade9f5f788c144d0256fde86c6525281dca500
154786,84edbbf41e8d441bad95194fd732bef8270d78a0f1f2500870c7b7e4dcf0b8dd
154785,34e1bbde018db46fd1aaf459475f6d039a74a9b724ca1803a021db269ee64d71
154784,3dc15fc3d60c7a259e13a22000e58df38f8f55cb870fa4b473841acff058dab9
154783,0f609b01f3faf935121bd44fdffc6d9bd0f55e7d22412355d0714227b677499c
154782,6e7447df4d6c5fe8f199f33ee5106d42f366a46ce3ad0204bde26ac149d33e37
154781,1070abf89b5c4562a5894545edce73dc545a995f67bc199e64c2b5e2a3d7891d
154780,2b9349f8fe8326fedfcd27102d018a85d96b0523a160b2b67560e4779b24d276
154779,379d143f59bf5f06efaefa05b21ff1796378ec20e67224e74715b7b7834a690c
154778,b400bfb54bba8b7365fd8c9ff10c4c45c32b6f34caa4f68277da8b825d86e736
154777,ba6813b968808b552086ead523fec2d163b19b2df5e1babbcc267df47d259069
154776,85ca92f5001cd438977c26cc01347e7c1f346a4f00bd39392f53c2a09d48524f
154775,e3cfe22bed5e1041202512e9c16f36ffe3a595cf479a4470e7096a8f784427e2
154774,7b0b26c1081f41023f3c0e1ff29d70f62c2c5784cb7f4c63e8657ace93fead7c
154773,28c5be637abb92a6f690f564797039fec4f4d676789f78d29bdaa9b742e3cf71
154772,c3870b139d502b4716d4b11ef891f3695f24b99be4af9004bca68f600dc0dcf5
154771,85a86667cbaf56fe5b6824825b40445011374f173a464999c154ed48d9cab91f
154770,66e71d215783c90ee9c53665c4b775accf868882f3670d41ce06bb44ce8467aa
154769,04fdb29b68fbafc4411dbc7b5f8a0d7fbb70e52274039e1773e27c744b1b3b06
154768,06afdaa718a9d084e4592c83dce6d37463683359884033e798fb48c18e641e58
154767,6a1a6f85af0ef8fb4a4d4d5e41213798f767a080a0868994e402528d475f61fe
154766,67eaa699ca46ec86b7971fbf6ac79811e845b47192bc148578ec62c1868d5f9c
154765,818f6fd188ad5c8f7046115206e324a5a2bddc50caf687ff2277005d059f5f55
154764,33f8c67066cd61bb2f47311597247bc0c0a5f3a667dd55113af2588123dfab4e
154763,4aa9a07caa7bdbd1ff38262f00687cd9e0341ca4d5734eeada5d5845fabefd4b
154762,c0f38c3f205c3a42a5a8340ade955a27990c083ff6c65da86d04e082d1ad9b2b
154761,51e353f5aca5a71a81ad2e02bae5bfe2ee3d69a327c1870b63499abf5c24426c
154760,62ab8ead88d2efecb028c270036b2852549464a09c16d992f4019b33fb88e89d
154759,50066228535a102d1f3600832dca39f7825806caf8aaf9afc300d3a5b9e8e8ba
154758,42327ec17dea365050ae3b0cbac37e0e0e1dcbdc54267e5950b856378c50de6c
154757,71fc029eaf8d4816e6922eaa95f84e6b6c7800b1dd0574fd29e07dfe2c64b40e
154756,0496531ed6c87adb5b425e2187d61d600a18dca205df038e85a6d768d10f3b5b
154755,fc96f81fd5c5e6b81c7d11b52a59577730bb53bbc1fb0e68f9eb2afe3d59fa73
154754,9d00b6b761b674193bcfffe3fb4f7c9c56ac48473a93e7a830d75e15b85be8f8
154753,0d2f4b1323d1bd6f3f2a3cc61ed6f174dd2afe113825f338c36b1d88f29b3723
154752,7d1a1f6e287adb6ab190bcc3cb80227b971726136fbee9e25899677e8a73493f
154751,dfdd8d4af66077f6be91e384c549a9ffec9810a8efb3149ceb69403808218d99
154750,5bcb87aba884918b53509d87e29f3e9c4d9b5b6fe935a62dc5ba3400cf80854c
154749,af6a2ce92aad1ee0d71298a1f8b167a6673c0d7cba583bfaae2e9bb38fb95f63
154748,a6ead5d9a174e14b4cfb0f550e4f17738ecb8d9f8de786242b6b7318c3c0ffbe
154747,d1cb54c6873b427170692c759c606df649821459a9c1f80a7d9f32a0c8de1db8
154746,4cd458709fb91ccdce4249cc4a7d96e5d2c81aa9bdd1f75f4ed5686a9a8eb2a2
154745,72be4c6bd885b788027c9f5d26c4dee16b4a612554236b0c2e7c108651646f0b
154744,aee62dd4b1ce337145098e0a7ce34a0a9e9573c620f0a38c25be12b92140ff32
154743,3fba97bfcc1b4ecbaa775f32376ae574d77d010c0199f52a13265e708b987647
154742,d0b9abf077e39f51b70d23ddfbc1ef0a1a576df292c4f531741842a0df813aae
154741,e6ccb9114882cdf688fc77d8d5c6f5ce76c0b483515bd54fd31b8e38e4ae2a5e
154740,fd46a1defa742688874beb4c816ba1a794c8fdf6f112508f17449b58d22bd848
154739,5bb9870a110677647060ce91436c0164a028445a99ac8b38f3c45ad987d46aeb
154738,dd38c7d56eced2e3f3a3236b904bbc5cf9c40c152281550fccaec16e54e4c63b
154737,9adcc1c4dc644cf293679f770c2b92cab53d1e64e0f4eb0a8091971634e089ee
154736,d369937a749ccbc0159cef0f4940c21b6298fd4cb7384f51821b27e5eeb09f1d
154735,7c7d0bced0c54cb6d47ec19127c710cbfa1e2e416de9cf9d17d149a95df61b60
154734,231b16d3f0fdd5bc78c42a3b9062ce4abc8f70ad69af0a4c7f984a45418607af
154733,22e671631c60940b0ccde9982878c6d57c75b9b8132d5f16c81c9cf1d49d5ae4
154732,b23f05960ff2222f46a89ccc2a01343fb7c5290716c59c6f220a1a55795b45ce
154731,a20fcf41ff1231071d35ee2fd33d2e277f19e9840595fe79c24840e094b8f41c
154730,cc90b7b891174af5696e318fdbdba0cf318d580771429b6a9e27db2897ddd4ef
154729,58c058fd6cb9d287bcb4186302806d440e44b1278ca63579ae1f41406bc09dca
154728,13068397cd15c18fc0069798182a6835660afe7cfdefa5f3fc067d5e0f72a4e6
154727,55ea986c654c781e057a861f7c89909a07bbb8793abf3c20518636b4118a7572
154726,800fed080dda04d53cacd7c47ef7e5ca46183783dcf9ac63c2201301bd346d25
154725,74eb1745bf173d7e1024553b7da9357a30e6c99db30aec2e1d11cac93608d99a
154724,d4b7107d462bdf980e57f7a12861ab411618f8c3d704039bc4b84a90b1a54d9a
154723,e8a4dce6c849ec0e2dae4ff35323e51bd1d33c888dc27ea04a33a0d8c6d1e9d4
154722,89672a7a721f6d63fed6b2bf0a29032fc27327f19781f173a348e4dd7cbe5adb
154721,ec1a4e9a1ce49425668a6b02c4db23ad1f74b67f3c0dddb41639dac4ad0f0337
154720,d5b696a17e77079e1a70ac6034496bd249a86c47fd023e8f77e83edd510f0bc3
154719,a6a9942478c500f212e769c6dc655c40554de474e9e7d195a73e7324bb4f1e3c
154718,b4adbab8b6d05899ac4799cbfbcc0e64ad19df805e53913e8bdba3130e9c5ce3
154717,3e092bd261ba69910a715e0a07c57eab442d9f5bba1a6ef32db124c8828559bc
154716,6dcec4f5462aabb59d284b77bd0ed7fac6e6b35fdabce89022372a66534839d2
154715,3390e27530784d74cff54b2d5ebea16365b37b391d255d042ff8a8e61f33e9ba
154714,afd13041d0a9e0818232971241874609dfc9fe1d471c2063af86da58da8b131e
154713,ee403afcc5af3b05a0044c6b6483fab65961fe20b42994ac70df7f0aa54e538c
154712,0cc04b90f208aa4dddaa6fa1ff25e63cf9c65f42f0fd155e938c362dbe35e576
154711,57e8538a602de137d687ae2dc9fe8dd88d68623ebd10252699c5271a11bfc29b
154710,c6b662d911708d6f3b369a11f2f670605bbbc02667a9b018cf03e15e3a9168f1
154709,539d4e7aaa5efa160cf843f94220129ae9bd188804eddce186dbda97a40a11e5
154708,91bef5355511852da24221402fbcd355456ababbfb100aa3149606ebc7537024
154707,55e626c1847c0bcf0ee560703ced9662c7b9aa00b28d150b4e25ad6d91b99fd4
154706,59ea898d60d2c9c7029ea7010ac9a46cc08ff5f3dedb82af0d7544182280ca29
154705,e2c15fa0f9858990f6b5a6278e001c49d6fc817a7e34d9bd772fa4894582db8b
154704,51621a7684bb989fb8d82534beb095ab0e527e96b1d7ceddac96cfca99404bde
154703,c07634ae049dba06abff933b2a67397707a3b6f3c124243b4eba9c04f990ee9a
154702,f4be5bd9ea238f290325edd2896ca5b95a266df68445b97b075d96a699b86238
154701,a0c3ac4237d0dc67bc44ed432ee357285b03380c2c1540906f7866b812194e38
154700,f711550c2639178dc65d4f00672d4499814b37eef7d1249cb8eefce03dd98c20
154699,7c74ab35f2c6046036f931c5972bbfdb1aa02ef2f13c9d1e7b29e8b7d611c398
154698,1421b2e0063446d353c76acf34d7ad66887202c5aab2cd808eedabd1c5266606
154697,ac6f53fa5036d473f574010577e58e78c31ab17a7ecc988cd53fcf77f7598593
154696,8fc3da1d55f92f96eac74140c3dc07a287eae9eaeb27fd4f6124b219ebce6a45
154695,75c697ea8f1a20d1b803fdc224aa4e19ffa22ec6af6fe87c5ce593281092533e
154694,0ceb6768952613957c766eefd9d25610d754e5c823c603531af2c64b36511063
154693,0e4c1a6fbd311e46259f83dd57a47f8f457237a594201ecbd965fde2c56644bc
154692,80674e34ba2d46bf4f10118d22642bbe77d76d2b56b76c2628aa7d6751cdd916
154691,e9fd797f44cc59960714647d234c76ffd84f71348292a66b7bc00db78829e8cd
154690,588e8954e6c53491a4b43fe6ec970e46caaa8591f613f4acf1ea1dfaea7bd852
154689,593621a00b14f2a75c7c31a9f64574e537d76460db98485977f28da0bd874830
154688,da8947a32a90107ab6650f4bdb0dafc0a4fd9a9e4a799fd93614fca827bb96e6
154687,46574b5e1cc5b585762704dd65571ca40a6c54d11f4652f2663fabbd60452371
154686,064c7b3e8a56866b28a836614918782c5a7fd98142d7d5405da9941f81345b52
154685,5a9c6578442856ebcec816e2cf88152828a7a09cc62cc19dbe6e12a5c9d5272a
154684,d781875a6a171edcd0d34587dfff433906b86fe4b364bddd893890afa6702fba
154683,0c117f6ba83d5543ac85434698d917340b4699e0d3b94e9f2142a92962915a1e
154682,8ea531a829b49484560b244c5703d07fe0024ab731989117a163119c674590e0
154681,bf1f8377ce2114bfcb13bfc0e5878ed20c2e18ae72781e6f8253253fff577792
154680,68d76116966759d9f3e1429284c79d5e14e3b3d1a08a1e94ec0f946b6079126d
154679,8b74c362a25e30bb75b27a6f0493e66874b209e1e65f1b6fd53bd1ba62531a18
154678,c2fba002ebeeb42ce24bb7714c2c4658f41b26850232ab4549d162fc7277b832
154677,bc2ee97b5ad7afdd182a0b35f840712c2f937674ddeb7fae1adbfc14d86afc03
154676,ca81d3916cfcaa81d07e401fb98e478f969894521f478a9bfae64f6ddb8da528
154675,2e9e08f00f2462bed17df0fc28db3d9dfb1125091f4c3786505fd9a89234cc90
154674,f73f7fef12c03db4242df6c157f2ef323f6e4c790392a158b804c938569b5950
154673,7fbd73bd00e03361803921cb0f973db630db4813cd96001a14664e3128813087
154672,2ea6ca61d6e8ba1d49f9f9766f033e0b35493eeef8a7ea9b008b6dc76702f964
154671,75e882e03d9bc685182a9cb8f0c7d7a2daa92a01fde3c4307bbff9432b3b644d
154670,642866992d58d1b227b9d0f190d095f0f7887bd8ab16676e82070dc0b9c79da1
154669,5f7aafcc3a3c32ab6d096e1dee8b11dcf52e1fe1a39077c5843e7e18f965fe23
154668,0f52aaaa8703003867f42cde67636041ac16e42d7e82c60e091d0da894142b80
154667,77cc1e5e505f5fee4d50e347b45f64bc0c09d63ebee38921a6ab35ef9506d767
154666,e58e15d1d69185f755b8c9578f646599f5ac64b7f08ff968f7fe8ebb6f87b27a
154665,9363410f60052238ce90b51fe694f01d0d1479616c0b3a2b4c225ca3c442eba0
154664,5481c5ebaf6fdf14345a2c09a5a9dae219edb0ea03ded58489709775c122a4e8
154663,3bcca2613dca8a7ecbfa27bb7c94c514dc14ae9bf495723f097c51255e2c08ad
154662,8d6839794850e2bfdd5186796f97ae75709b4e843e916bccf8f7244a3fc4b77f
154661,823f3ddd63771b57c246750a2a668b055553c9904d329ea0b8f68f48b522831c
154660,411e282775f2a0b5f497df56e856c0a9d79e30ca59c962e5460d87075ef0c2e0
154659,4eaae541020d679840f20e1316566a31013100114ff65e541346f9f6feff55ec
154658,a6dbf505f8e8c4bb02a333c76c3a807432105d41cdd65871bc769ef03c4d2957
154657,7f741155cd49be6c873910fbe0a403580da4fb4211c33063cd14f3b676df7d63
154656,750dd8b42a2e14faec500e61df40c20f83908182ea0c22539dbbcfcd061ac8db
154655,82646b7f6ca57ac38c7ef31541e1cd5a7f1565485463a4fe59428d1677b7d0ea
154654,cdf6d4ea015f20f28c2c468183b7e271299fdbdc54a7388d2b8d55dc2a6f29b7
154653,b8e8142ba272ea3ffec8c88149ee98fb3042eeb3de15730cfb659671de97658f
154652,a3f7f6ed738f984a159a35794f3941203d6e6f0942c189d26b27b2b7dcb6e55c
154651,317961afded555b6de489908c2e0f830ea9a5018300f2e788fd2ae40286fbfcc
154650,b2b6378e7db01433eead6f41657369e0e6fd8a0569c318d26fd2c6eb98a0a355
154649,d87f8b8e46ce108c581841c42d0c64fedc3a3dca44bf8a0237aaf63ea2f0b97b
154648,786952eda84d395ac953c7ce4cab3192b4749487217d7983e5a5d4c82aaf234e
154647,b00a10b0e64b443b167274f5e38982b3add4ab613668a7d52a96b065ec7c2c27
154646,4d0c8b8870f267a4926b33a5f6aa7c67c7a23e4be5e267a45a0c0aa7c08becfa
154645,85f894c01c24a5985f553266e92ae6da5692108db0a98d29ca9500825b58013d
154644,d906bd0564b216fd193c3414f785a07d8dc5d0a214fc86d4d166cf874a2ff4c5
154643,4603748731a294390e1c4a00d9b012cf258ba0b27e74534b95be5886ae80b20e
154642,e3539fd47573ad24f0784925cc64de0f418874f33ed9c1b99c02b2e051e390b6
154641,7d1edeb0340d32ce4e71e190154ec6175b6f32d494e92678c8c82732839e5f9e
154640,08575ce3439af79392568bed2edb63d9ad40fa88ed0e52b73dc224c587864262
154639,b939e0800faf1beff2e854e879e664b6600fa8f9315db4703899cb3562b02a27
154638,87c082e20c3e733ecffbe9fd053f970db1f60c50bec9c9bc317de0a1eb8d22e8
154637,3837309f3c936f5b861485ae982bce8d702b7161c1acee61610758023846e426
154636,f3ad4b100c7c335eb74507f97015aeab4e558f696ba575407075aa82a8703f69
154635,953922f0125d71bbc48e3ef00c926de4ca620c73057e3f98d44ee76e4a0c44cf
154634,a0b283d2b601a72c3c8fd71f08c348354a80799a320e2c0efd516cbb56637c71
154633,407ef40f1811c5ed9be96b9a85289859b7e054a5f30b06ae78b589e4da57b57d
154632,92d0854709598c8375eeb7536265b89481051e8d7cedd47725b5f60dccbda2ea
154631,324b200f1688d6df39b41b22265c5c2f86aec3d90bedf8cec5d8f64789b11f68
154630,e70ca40037948181197539c72668b67ef283077e4cbe10379c582935c641929d
154629,6987ea07cb40be6ac1d5ac8158f4b08496b57b851d2c7ec3eb29c9bcd353988f
154628,b00a099538b0618657159debc297c05e22024ae25a689ae966dc15077d92ea3f
154627,760f202425a31f7db6b1a20eb48c783a66eff8d7dae29c4166834c96c78ecd3c
154626,d72318771210b30d458cd0dcf408cfa1f954aaebcd5903bb72479d2b026d586f
154625,1a2d0e4fcb9877c0c8da9802d93369e6e3f8431cb3c3d712ffbd61e3ffbf4daf
154624,1b07d6738e77bca2917ea04e7a2248bf8816ec76f5b7953fd433874d36be09f5
154623,0840dfeda063341228d36ead8ecd9346b631d1b2be3356de133881a625b9a436
154622,1dc2a1183b0c5ddbcd7baad4a4d625219c8ef2da78126df9fdfa58a6b4dda873
154621,5fa624e5e29a44d33466dbdf6cac251ca72811e232ef0416ec3c1a781db8cc6d
154620,c62bbf957ecb6919de303e0003dc95ac9341d4ef4d7f4e1adcabc62330b4174f
154619,a02d8910d990d79a6264b99e7d70f7181841ea9a815c8f3e1feec876bab7697a
154618,aa6f5a19c2f7660a2473eb8c7caad47a284d9b3558597d5a3f6bba88df5e4cb6
154617,7fddc412439d6938dab8ac60623f4c2414b319407fb19b622afda5323106ce4e
154616,94f281dc2e29c9ecbd3ecef380e72e243a98cb6565ab501ee9a46427483bbff6
154615,16c9bc0a1158979ee17d9a6b4fc932abe5ccfba7dd7bcd90c9489ddf406175f1
154614,48d86012c5807dae2867ea521dd75a28d87ab5e6e865b2dddc3ae89ebf4ba3f4
154613,4262ebd6e7d588a99b4ecb94fa2a7de196a725355dfa30f9a3c5c775da375007
154612,e33ec6c2642859ec44beacf1b2cbad3be7dee4548b10d1661dbb72dafee20568
154611,e8e2e983d977981930d3c0fb29d0255ef706238beb16014b5dae85055045ed21
154610,290c95d8812c98e88e81aae05d006ab0f183835c9cb82fc464e6a933669be229
154609,9aa5ba382819a26a907507d4a5fe104c543b3a002a0a003888d05057b941eb4c
154608,ff46aae7aeb986b41a15c097fa82cb0c9152dcd79f7be59035eb4a51949ae61b
154607,b46d2cd9c1cc6787f9197c88e116bbe6e11141f4510fe2b5d476d6fcd1b1aa47
154606,549964bd27a719111274d39eb4919a04debb80d29d6671395ecd9389235a8f13
154605,245e35908393732d9e60ff7f367e2c453615b2b203482f18cb926c245d463640
154604,b179c91c441ce0bbc3cde1b6d2bc996a6694c17bb0d46ec6f92b1e43aeab466c
154603,e4389f8b2497e698d9a50df9f7cab8378cc39b20598cdda3201ce2ddf00a5eaf
154602,e2c8748b27438ea5dd27112944b48d083cd0e86ffadd3ad7da5341c7951cca81
154601,489293025202c1933afe970d7f71c95c8705f2605f350d5bcf29aecc1aa1c3ce
154600,7d589daae8850e1f598d4ddcc515af7dd80cf83948416236c2aca13a5f94a13e
154599,728521ed217004214834bd7bfd0c83d92e3e5203939639acbec1151d372e1291
154598,01cff08bc697c555398d490ccfe4dd6fc15e12c289117a85b9e38cb2dcab6f56
154597,599311021399248697c0812638b8dd7b75f6babe78803d55a20f2a8ba7ac6f5c
154596,c88b06b8af20ce4fe4b96a285845c47275dcd869a9617f058e265355c3a32132
154595,8c2b34eb06b6b3b0d0177555881c9b70f232614976e6c50beee52e0c2794ad14
154594,9b28747743ba98a23f5093286e3c6c9c446a5a6b43d2f7388c30cbc75d0a2140
154593,c4ef2b9b14af1d15cf0595c600b3f22c842a58ccbf232c3dc20bf23a7d05ea42
154592,da2e5f0bcae05256aa3fa0206eac4cb3b7107e4394da628d869ec5fe5724eb5a
154591,ad362860aac99d8af068b7d054cc70f4e7ea403437b1a9d6cbf91dd7a08337d0
154590,61dea8317febe1eb9f7d0af5d38a8c01b4dc2657a2081784e74a1d13e908404f
